,month,rating,fairness
0,2011-03,1.0,0.555810084247403
1,2011-03,-1.0,0.4115018983597404
2,2011-03,-1.0,0.5399014340110858
3,2011-03,-1.0,0.4336054157542026
4,2011-03,-1.0,0.4217304726227503
5,2011-03,-1.0,0.4772524877509801
6,2011-04,1.0,0.13936247150482292
7,2011-04,-10.0,0.0
8,2011-05,4.0,0.0
9,2011-05,1.0,0.17568424366770682
10,2011-05,-1.0,0.6429497210102685
11,2011-05,-10.0,0.0
12,2011-05,-10.0,0.0
13,2011-05,-10.0,0.0
14,2011-05,-10.0,0.0
15,2011-05,1.0,0.22402215317349577
16,2011-05,-10.0,0.0
17,2011-05,-10.0,0.0
18,2011-05,-1.0,0.6429497210102685
19,2011-05,-10.0,0.0
20,2011-05,1.0,0.08495744865123457
21,2011-05,-3.0,0.2881622734208396
22,2011-05,-3.0,0.1873440016920571
23,2011-05,-10.0,0.0
24,2011-05,1.0,0.526537399340074
25,2011-05,1.0,0.34821856757675246
26,2011-05,2.0,0.16511003337383315
27,2011-05,1.0,0.24028747962514543
28,2011-05,-10.0,0.0
29,2011-05,1.0,0.2602262026891017
30,2011-05,1.0,0.27603454265868366
31,2011-05,1.0,0.3659703690989757
32,2011-05,2.0,0.023912671208236192
33,2011-05,1.0,0.3074587505773523
34,2011-05,-10.0,0.0
35,2011-05,-6.0,0.0
36,2011-05,-10.0,0.0
37,2011-05,-1.0,0.6429497210102685
38,2011-05,-1.0,0.870356437317897
39,2011-05,-3.0,0.09977278379843743
40,2011-05,-1.0,0.9694140992589134
41,2011-05,-10.0,0.0
42,2011-05,-10.0,0.0
43,2011-05,-10.0,0.0
44,2011-05,1.0,0.3041949108471564
45,2011-05,1.0,0.3860712590509842
46,2011-05,1.0,0.3041949108471564
47,2011-05,-10.0,0.0
48,2011-05,1.0,0.21602033296018383
49,2011-05,-1.0,0.6756842436677069
50,2011-05,1.0,0.2697556777403673
51,2011-05,-10.0,0.0
52,2011-05,1.0,0.3108291958529029
53,2011-05,-5.0,0.0
54,2011-05,-10.0,0.0
55,2011-05,-10.0,0.0
56,2011-06,-8.0,0.0
57,2011-06,1.0,0.6136950905115273
58,2011-06,-10.0,0.0
59,2011-06,10.0,0.0
60,2011-06,1.0,0.5553268126182715
61,2011-06,2.0,0.3063505981895857
62,2011-06,2.0,0.184540132452386
63,2011-06,-10.0,0.0
64,2011-06,3.0,0.0
65,2011-06,1.0,0.2576214923972247
66,2011-06,2.0,0.00930512314791551
67,2011-06,1.0,0.3631165706834809
68,2011-06,-10.0,0.0
69,2011-06,-10.0,0.0
70,2011-06,-10.0,0.0
71,2011-06,-1.0,0.9211749689927544
72,2011-06,-10.0,0.0
73,2011-06,1.0,0.7036747629570427
74,2011-06,1.0,0.7562923263286999
75,2011-06,1.0,0.6064522176846324
76,2011-06,2.0,0.4127153916389374
77,2011-06,-10.0,0.0
78,2011-06,1.0,0.6343427714123842
79,2011-06,1.0,0.38044983614616124
80,2011-06,1.0,0.3223281811311836
81,2011-06,-10.0,0.0
82,2011-06,-10.0,0.0
83,2011-06,-1.0,0.4167318101264602
84,2011-06,2.0,0.0
85,2011-06,-1.0,0.6111545400843068
86,2011-06,-10.0,0.0
87,2011-06,-10.0,0.0
88,2011-06,-10.0,0.0
89,2011-06,-10.0,0.0
90,2011-06,-10.0,0.0
91,2011-06,-10.0,0.0
92,2011-06,-10.0,0.0
93,2011-06,3.0,0.0
94,2011-06,-10.0,0.0
95,2011-06,-10.0,0.0
96,2011-06,-10.0,0.0
97,2011-06,-10.0,0.0
98,2011-06,-10.0,0.0
99,2011-06,-10.0,0.0
100,2011-06,-10.0,0.0
101,2011-06,1.0,0.5349686990130593
102,2011-06,2.0,0.4716229105811963
103,2011-06,5.0,0.0
104,2011-06,-10.0,0.0
105,2011-06,2.0,0.0
106,2011-06,-10.0,0.0
107,2011-06,-10.0,0.0
108,2011-06,-10.0,0.0
109,2011-06,-10.0,0.0
110,2011-06,-10.0,0.0
111,2011-06,-10.0,0.0
112,2011-06,1.0,0.3394723298010918
113,2011-06,1.0,0.19209482169514375
114,2011-06,4.0,0.0
115,2011-06,-1.0,0.9228553604792725
116,2011-06,-1.0,0.8205180187045968
117,2011-06,-10.0,0.0
118,2011-06,-10.0,0.0
119,2011-06,2.0,0.0
120,2011-06,-1.0,0.9228553604792725
121,2011-06,-1.0,0.8205180187045968
122,2011-06,-10.0,0.0
123,2011-06,-10.0,0.0
124,2011-06,-10.0,0.0
125,2011-06,5.0,0.0
126,2011-06,-1.0,0.9228553604792725
127,2011-06,-10.0,0.0
128,2011-06,-10.0,0.0
129,2011-06,-5.0,0.0
130,2011-06,-10.0,0.0
131,2011-06,-10.0,0.0
132,2011-06,1.0,0.4773881320344819
133,2011-06,-10.0,0.0
134,2011-06,2.0,0.21640513359242594
135,2011-06,10.0,0.0
136,2011-06,4.0,0.0
137,2011-06,2.0,0.21922431418165383
138,2011-06,1.0,0.42838579119005465
139,2011-06,1.0,0.43990071898626065
140,2011-06,1.0,0.7007851833832501
141,2011-06,-10.0,0.0
142,2011-06,-1.0,0.4410060489482078
143,2011-06,-10.0,0.0
144,2011-07,-10.0,0.0
145,2011-07,-10.0,0.0
146,2011-07,-10.0,0.0
147,2011-07,-10.0,0.0
148,2011-07,-10.0,0.0
149,2011-07,-10.0,0.0
150,2011-07,-10.0,0.0
151,2011-07,-10.0,0.0
152,2011-07,-10.0,0.0
153,2011-07,-10.0,0.0
154,2011-07,1.0,2.0718353832457611e-13
155,2011-07,-10.0,0.0
156,2011-07,-1.0,0.7038929081235505
157,2011-07,-10.0,0.0
158,2011-07,-10.0,0.0
159,2011-07,-10.0,0.0
160,2011-08,-10.0,0.0
161,2011-08,-5.0,0.0
162,2011-08,-1.0,0.870356437317897
163,2011-08,-10.0,0.0
164,2011-08,-10.0,0.0
165,2011-08,-10.0,0.0
166,2011-08,-1.0,0.7066295895740876
167,2011-08,-10.0,0.0
168,2011-10,-10.0,0.0
169,2011-11,-10.0,0.0
170,2012-01,-10.0,0.0
171,2012-01,-10.0,0.0
172,2012-01,-10.0,0.0
173,2012-01,-1.0,0.770743267062594
174,2012-01,-10.0,0.0
175,2012-01,-10.0,0.0
176,2012-01,-10.0,0.0
177,2012-01,-10.0,0.0
178,2012-01,-10.0,0.0
179,2012-01,-10.0,0.0
180,2012-02,2.0,0.0
181,2012-02,-5.0,0.0
182,2012-02,-1.0,0.5949172043712786
183,2012-02,-1.0,0.7115031814256443
184,2012-02,-10.0,0.0
185,2012-03,1.0,0.2819113818071234
186,2012-03,1.0,0.22920009898564436
187,2012-03,-10.0,0.0
188,2012-03,-5.0,0.0
189,2012-03,1.0,0.5429936441718292
190,2012-03,1.0,0.6101904262043184
191,2012-03,-5.0,0.0
192,2012-03,1.0,0.08904130856272502
193,2012-03,-3.0,0.10390048222254236
194,2012-03,-5.0,0.0
195,2012-03,-10.0,0.0
196,2012-03,-5.0,0.0
197,2012-03,-10.0,0.0
198,2012-03,-10.0,0.0
199,2012-03,-1.0,0.701924108462058
200,2012-03,-10.0,0.0
201,2012-03,-10.0,0.0
202,2012-03,-10.0,0.0
203,2012-03,-10.0,0.0
204,2012-03,-10.0,0.0
205,2012-04,-10.0,0.0
206,2012-04,-10.0,0.0
207,2012-04,-4.0,0.0
208,2012-04,1.0,0.22920009898564436
209,2012-04,-10.0,0.0
210,2012-04,-10.0,0.0
211,2012-04,-10.0,0.0
212,2012-04,-5.0,0.0
213,2012-04,-10.0,0.0
214,2012-04,-10.0,0.0
215,2012-04,-5.0,0.0
216,2012-04,-10.0,0.0
217,2012-04,-10.0,0.0
218,2012-04,-10.0,0.0
219,2012-04,-1.0,0.5097154348246404
220,2012-04,1.0,0.31347671489053436
221,2012-04,-2.0,0.3503359816665278
222,2012-04,-3.0,0.0
223,2012-04,-9.0,0.0
224,2012-04,-2.0,0.3792327540295111
225,2012-05,-1.0,0.870356437317897
226,2012-05,-2.0,0.34667914239203973
227,2012-05,-5.0,0.0
228,2012-05,3.0,0.0
229,2012-05,-10.0,0.0
230,2012-05,-1.0,0.815935856876377
231,2012-05,-3.0,0.16052391739490754
232,2012-05,-10.0,0.0
233,2012-05,-1.0,0.7107807573109352
234,2012-05,-10.0,0.0
235,2012-05,-10.0,0.0
236,2012-06,-2.0,0.3386661158063752
237,2012-06,-1.0,0.708477331345541
238,2012-06,-2.0,0.4408522812442207
239,2012-06,-2.0,0.6095017321699706
240,2012-06,-3.0,0.16052391739490754
241,2012-06,-1.0,0.6042384008078729
242,2012-06,-10.0,0.0
243,2012-06,-10.0,0.0
244,2012-06,-10.0,0.0
245,2012-06,-10.0,0.0
246,2012-06,1.0,0.39189153244470726
247,2012-06,1.0,0.48103566921285845
248,2012-06,-10.0,0.0
249,2012-06,-1.0,0.7208903242712651
250,2012-06,-5.0,0.0
251,2012-06,-6.0,0.0
252,2012-06,1.0,0.3960831741660799
253,2012-06,2.0,0.0
254,2012-06,-10.0,0.0
255,2012-06,-10.0,0.0
256,2012-06,-1.0,0.8159763636186151
257,2012-06,-10.0,0.0
258,2012-06,-10.0,0.0
259,2012-07,-10.0,0.0
260,2012-07,-1.0,0.4155981485897825
261,2012-07,-10.0,0.0
262,2012-07,5.0,0.0
263,2012-07,-10.0,0.0
264,2012-07,2.0,0.07734752417367119
265,2012-07,2.0,0.0
266,2012-07,-1.0,0.5594027966573415
267,2012-07,1.0,0.17681820809446072
268,2012-07,-10.0,0.0
269,2012-07,-10.0,0.0
270,2012-07,-10.0,0.0
271,2012-07,1.0,0.5482298362986039
272,2012-07,-5.0,0.0
273,2012-07,-10.0,0.0
274,2012-07,1.0,0.41453244107466714
275,2012-07,1.0,0.4643767432458772
276,2012-07,1.0,0.3451682214741341
277,2012-07,-10.0,0.0
278,2012-07,-1.0,0.5052274798780776
279,2012-07,1.0,0.5025447597696316
280,2012-07,1.0,0.3499356111739074
281,2012-07,1.0,0.46618702770037795
282,2012-07,-10.0,0.0
283,2012-07,-3.0,0.0
284,2012-07,1.0,0.6048481429599569
285,2012-07,4.0,0.0
286,2012-07,1.0,0.8923062169893078
287,2012-07,1.0,0.5924322697629779
288,2012-07,1.0,0.6522150826055201
289,2012-07,1.0,0.5924322697629779
290,2012-07,2.0,0.610234102577452
291,2012-07,1.0,0.7272731044073449
292,2012-07,1.0,0.551699180857142
293,2012-07,1.0,0.8968165519852075
294,2012-07,1.0,0.6351765068092701
295,2012-07,3.0,0.041003367957089205
296,2012-07,1.0,0.865277659608667
297,2012-07,3.0,0.21484264549465826
298,2012-07,2.0,0.39261466557447816
299,2012-07,1.0,0.6467407622687946
300,2012-07,1.0,0.8103129235014698
301,2012-07,1.0,0.8538825755451118
302,2012-07,1.0,0.6025806641189002
303,2012-07,1.0,0.7506083298090908
304,2012-07,4.0,0.0
305,2012-07,5.0,0.0
306,2012-07,1.0,0.7092106081941263
307,2012-07,1.0,0.7594860500740462
308,2012-07,1.0,0.7058778463325468
309,2012-07,3.0,0.1603445585252333
310,2012-07,-1.0,0.7306850244311739
311,2012-07,-3.0,0.13253305938764431
312,2012-07,-1.0,0.5676912541310152
313,2012-07,-2.0,0.3866106084593755
314,2012-07,-1.0,0.5280324020504161
315,2012-07,-1.0,0.570046788847545
316,2012-07,-1.0,0.5119599101996949
317,2012-07,-1.0,0.5716372390623674
318,2012-07,-1.0,0.5648283462558218
319,2012-07,-9.0,0.0
320,2012-08,-1.0,0.635138902391521
321,2012-08,-6.0,0.0
322,2012-08,-5.0,0.0
323,2012-08,-2.0,0.33623802484523424
324,2012-08,-10.0,0.0
325,2012-08,-10.0,0.0
326,2012-08,-10.0,0.0
327,2012-08,-10.0,0.0
328,2012-08,-5.0,0.0
329,2012-08,-5.0,0.0
330,2012-08,1.0,0.5020148989630825
331,2012-08,-10.0,0.0
332,2012-08,-10.0,0.0
333,2012-08,-10.0,0.0
334,2012-08,-1.0,0.7586325510122354
335,2012-08,-10.0,0.0
336,2012-08,-10.0,0.0
337,2012-08,10.0,0.0
338,2012-08,5.0,0.0
339,2012-08,2.0,0.218781926212871
340,2012-08,2.0,0.42699398325840116
341,2012-08,1.0,0.16042055316924245
342,2012-08,1.0,0.26587151475361787
343,2012-08,-5.0,0.0
344,2012-08,-2.0,0.5879329083424556
345,2012-08,-10.0,0.0
346,2012-08,-10.0,0.0
347,2012-08,1.0,0.18965628747386779
348,2012-08,1.0,0.05847186715187838
349,2012-08,-10.0,0.0
350,2012-08,-3.0,0.033581590817679655
351,2012-08,-2.0,0.36423753159025
352,2012-08,1.0,0.182118765795125
353,2012-08,-10.0,0.0
354,2012-08,-3.0,0.06281732512230499
355,2012-08,-1.0,0.8379329083424557
356,2012-08,-5.0,0.0
357,2012-08,-1.0,0.7586325510122354
358,2012-08,-10.0,0.0
359,2012-08,-2.0,0.311025298675455
360,2012-08,2.0,0.0
361,2012-08,-10.0,0.0
362,2012-08,-8.0,0.0
363,2012-08,-5.0,0.0
364,2012-08,-5.0,0.0
365,2012-08,-10.0,0.0
366,2012-08,-5.0,0.0
367,2012-08,-10.0,0.0
368,2012-08,-10.0,0.0
369,2012-08,-4.0,0.0
370,2012-08,-1.0,0.8176029765599708
371,2012-08,-10.0,0.0
372,2012-08,-10.0,0.0
373,2012-08,-10.0,0.0
374,2012-08,-10.0,0.0
375,2012-08,-10.0,0.0
376,2012-08,-10.0,0.0
377,2012-08,-10.0,0.0
378,2012-08,5.0,0.0
379,2012-08,5.0,0.0
380,2012-08,-2.0,0.5688180701033411
381,2012-08,-10.0,0.0
382,2012-08,2.0,0.0
383,2012-08,1.0,0.23064817428032608
384,2012-08,-1.0,0.9229054222055528
385,2012-08,-10.0,0.0
386,2012-08,-10.0,0.0
387,2012-08,-10.0,0.0
388,2012-08,5.0,0.0
389,2012-08,10.0,0.0
390,2012-08,1.0,0.31882876453208686
391,2012-08,10.0,0.0
392,2012-08,-10.0,0.0
393,2012-08,-10.0,0.0
394,2012-08,-10.0,0.0
395,2012-08,-10.0,0.0
396,2012-08,-10.0,0.0
397,2012-08,-10.0,0.0
398,2012-08,-2.0,0.4062735080369473
399,2012-08,-10.0,0.0
400,2012-08,-5.0,0.0
401,2012-08,-10.0,0.0
402,2012-08,-9.0,0.0
403,2012-08,1.0,0.37035643731789714
404,2012-08,-10.0,0.0
405,2012-08,-9.0,0.0
406,2012-08,1.0,0.4341195172708189
407,2012-08,3.0,0.0
408,2012-08,3.0,0.0
409,2012-08,-10.0,0.0
410,2012-08,-10.0,0.0
411,2012-08,-10.0,0.0
412,2012-08,-10.0,0.0
413,2012-08,2.0,0.0
414,2012-08,-10.0,0.0
415,2012-08,-1.0,0.7455794374243766
416,2012-08,-10.0,0.0
417,2012-08,-10.0,0.0
418,2012-09,-10.0,0.0
419,2012-09,-10.0,0.0
420,2012-09,-10.0,0.0
421,2012-09,-10.0,0.0
422,2012-09,-10.0,0.0
423,2012-09,-10.0,0.0
424,2012-09,-10.0,0.0
425,2012-09,1.0,0.28162488468829616
426,2012-09,-5.0,0.0
427,2012-09,-10.0,0.0
428,2012-09,-10.0,0.0
429,2012-09,-10.0,0.0
430,2012-09,-2.0,0.4305819097871588
431,2012-09,-1.0,0.5166257562907728
432,2012-09,-1.0,0.5699613757748871
433,2012-09,-5.0,0.0
434,2012-09,-10.0,0.0
435,2012-09,-10.0,0.0
436,2012-09,-10.0,0.0
437,2012-09,-10.0,0.0
438,2012-09,-10.0,0.0
439,2012-09,-10.0,0.0
440,2012-09,-10.0,0.0
441,2012-09,10.0,0.0
442,2012-09,-10.0,0.0
443,2012-09,-1.0,0.7504821746404142
444,2012-09,-10.0,0.0
445,2012-09,-10.0,0.0
446,2012-09,-10.0,0.0
447,2012-09,-10.0,0.0
448,2012-09,-10.0,0.0
449,2012-09,-10.0,0.0
450,2012-09,-10.0,0.0
451,2012-09,-5.0,0.0
452,2012-09,-5.0,0.0
453,2012-09,-1.0,0.6246645026668989
454,2012-09,-10.0,0.0
455,2012-09,-10.0,0.0
456,2012-09,-1.0,0.8057163210415266
457,2012-09,-10.0,0.0
458,2012-09,-10.0,0.0
459,2012-09,1.0,0.2931121618767508
460,2012-09,1.0,0.23423367897617578
461,2012-09,-5.0,0.0
462,2012-09,-1.0,0.6511785277035548
463,2012-09,-10.0,0.0
464,2012-09,-3.0,0.16052391739490754
465,2012-09,-1.0,0.6425738046750884
466,2012-09,-8.0,0.0
467,2012-09,-10.0,0.0
468,2012-09,-10.0,0.0
469,2012-09,-10.0,0.0
470,2012-09,1.0,0.1766067408708459
471,2012-09,-10.0,0.0
472,2012-09,1.0,0.333160519001919
473,2012-09,-10.0,0.0
474,2012-09,-10.0,0.0
475,2012-09,-10.0,0.0
476,2012-09,-10.0,0.0
477,2012-09,-10.0,0.0
478,2012-09,-5.0,0.0
479,2012-09,10.0,0.0
480,2012-09,10.0,0.0
481,2012-09,10.0,0.0
482,2012-09,10.0,0.0
483,2012-09,10.0,0.0
484,2012-09,-10.0,0.0
485,2012-09,-10.0,0.0
486,2012-09,-10.0,0.0
487,2012-09,-10.0,0.0
488,2012-09,-10.0,0.0
489,2012-09,-10.0,0.0
490,2012-09,-10.0,0.0
491,2012-09,-10.0,0.0
492,2012-09,-10.0,0.0
493,2012-09,-10.0,0.0
494,2012-09,-10.0,0.0
495,2012-09,-10.0,0.0
496,2012-09,-10.0,0.0
497,2012-09,-10.0,0.0
498,2012-09,-10.0,0.0
499,2012-09,-5.0,0.0
500,2012-09,-10.0,0.0
501,2012-09,-10.0,0.0
502,2012-09,1.0,0.566625591158483
503,2012-09,1.0,0.5911310927560398
504,2012-09,-10.0,0.0
505,2012-09,-10.0,0.0
506,2012-09,-10.0,0.0
507,2012-09,-10.0,0.0
508,2012-09,-10.0,0.0
509,2012-09,-7.0,0.0
510,2012-09,-10.0,0.0
511,2012-09,-1.0,0.7771669084757667
512,2012-09,-3.0,0.06281732512230499
513,2012-09,-10.0,0.0
514,2012-09,4.0,0.0
515,2012-09,-10.0,0.0
516,2012-09,-10.0,0.0
517,2012-09,1.0,7.79923005368815e-13
518,2012-09,2.0,0.0
519,2012-09,4.0,0.0
520,2012-09,6.0,0.0
521,2012-09,3.0,0.0
522,2012-09,1.0,7.79923005368815e-13
523,2012-09,-10.0,0.0
524,2012-09,-5.0,0.0
525,2012-09,-10.0,0.0
526,2012-09,-10.0,0.0
527,2012-09,-10.0,0.0
528,2012-09,-3.0,0.06281732512230499
529,2012-09,1.0,0.22537338800671913
530,2012-09,-1.0,0.3499646812776622
531,2012-09,-10.0,0.0
532,2012-09,4.0,0.0
533,2012-09,-1.0,0.34370430919662404
534,2012-09,-10.0,0.0
535,2012-09,9.0,0.0
536,2012-09,-1.0,0.33327035572822705
537,2012-09,-10.0,0.0
538,2012-09,7.0,0.0
539,2012-09,-1.0,0.33744393711558585
540,2012-09,-10.0,0.0
541,2012-09,5.0,0.0
542,2012-09,-1.0,0.34161751850294464
543,2012-09,-10.0,0.0
544,2012-09,1.0,0.4485137853273353
545,2012-09,-1.0,0.5653707356272312
546,2012-09,8.0,0.0
547,2012-09,-4.0,0.0
548,2012-09,-10.0,0.0
549,2012-09,-10.0,0.0
550,2012-09,10.0,0.0
551,2012-09,-10.0,0.0
552,2012-09,6.0,0.0
553,2012-09,-10.0,0.0
554,2012-09,-10.0,0.0
555,2012-09,5.0,0.0
556,2012-09,-1.0,0.34161751850294464
557,2012-09,-10.0,0.0
558,2012-09,1.0,0.24019124170097733
559,2012-09,-5.0,0.0
560,2012-09,-1.0,0.7917760543477248
561,2012-09,-10.0,0.0
562,2012-09,-2.0,0.5158715147536179
563,2012-09,-10.0,0.0
564,2012-09,6.0,0.0
565,2012-09,8.0,0.0
566,2012-09,1.0,1.5225893164767872e-33
567,2012-09,2.0,0.0
568,2012-09,1.0,2.3519229989471146e-12
569,2012-09,1.0,2.3519229989471146e-12
570,2012-09,1.0,2.3519229989471146e-12
571,2012-09,2.0,0.0
572,2012-09,-10.0,0.0
573,2012-09,-10.0,0.0
574,2012-09,-10.0,0.0
575,2012-09,-10.0,0.0
576,2012-09,10.0,0.0
577,2012-09,9.0,0.0
578,2012-09,-10.0,0.0
579,2012-09,-10.0,0.0
580,2012-09,-10.0,0.0
581,2012-09,9.0,0.0
582,2012-09,9.0,0.0
583,2012-09,9.0,0.0
584,2012-09,-10.0,0.0
585,2012-09,-10.0,0.0
586,2012-09,-10.0,0.0
587,2012-09,-10.0,0.0
588,2012-09,7.0,0.0
589,2012-09,5.0,0.0
590,2012-09,1.0,0.00895989327086305
591,2012-09,-10.0,0.0
592,2012-09,-10.0,0.0
593,2012-09,-10.0,0.0
594,2012-09,5.0,0.0
595,2012-09,2.0,0.0
596,2012-09,-10.0,0.0
597,2012-09,-10.0,0.0
598,2012-09,10.0,0.0
599,2012-09,1.0,0.00895989327086305
600,2012-09,-10.0,0.0
601,2012-09,-10.0,0.0
602,2012-09,1.0,0.00895989327086305
603,2012-09,-10.0,0.0
604,2012-09,-10.0,0.0
605,2012-09,-10.0,0.0
606,2012-09,1.0,0.30012343842298655
607,2012-09,7.0,0.0
608,2012-09,8.0,0.0
609,2012-09,-10.0,0.0
610,2012-09,-1.0,0.6605239173949076
611,2012-09,-10.0,0.0
612,2012-09,-10.0,0.0
613,2012-09,1.0,0.306115057341375
614,2012-09,1.0,0.13844966319096963
615,2012-09,2.0,0.0
616,2012-09,-10.0,0.0
617,2012-09,-10.0,0.0
618,2012-09,1.0,0.08405307489585422
619,2012-09,-10.0,0.0
620,2012-09,-10.0,0.0
621,2012-09,1.0,0.08405307489585422
622,2012-09,-10.0,0.0
623,2012-09,-10.0,0.0
624,2012-09,3.0,0.0
625,2012-09,-4.0,0.0
626,2012-09,10.0,0.0
627,2012-09,-10.0,0.0
628,2012-09,-10.0,0.0
629,2012-09,3.0,0.0
630,2012-09,4.0,0.0
631,2012-09,-10.0,0.0
632,2012-09,-10.0,0.0
633,2012-09,5.0,0.0
634,2012-09,-5.0,0.0
635,2012-09,-10.0,0.0
636,2012-09,-10.0,0.0
637,2012-09,1.0,0.269061419630961
638,2012-09,-3.0,0.0
639,2012-09,1.0,0.3898678316743492
640,2012-09,1.0,0.3396547858020453
641,2012-09,-10.0,0.0
642,2012-09,-10.0,0.0
643,2012-09,-10.0,0.0
644,2012-09,-10.0,0.0
645,2012-09,-10.0,0.0
646,2012-09,3.0,0.0
647,2012-09,2.0,0.0
648,2012-09,4.0,0.0
649,2012-09,-10.0,0.0
650,2012-09,-10.0,0.0
651,2012-09,9.0,0.0
652,2012-09,4.0,0.0
653,2012-09,-10.0,0.0
654,2012-09,-10.0,0.0
655,2012-09,8.0,0.0
656,2012-09,9.0,0.0
657,2012-09,-10.0,0.0
658,2012-09,-10.0,0.0
659,2012-09,-10.0,0.0
660,2012-09,1.0,0.016056750994707263
661,2012-09,-10.0,0.0
662,2012-09,10.0,0.0
663,2012-09,-10.0,0.0
664,2012-09,1.0,0.09665705752919258
665,2012-09,-1.0,0.7018709737684687
666,2012-09,-3.0,0.34551470077150714
667,2012-09,-3.0,0.09667914239203973
668,2012-09,-10.0,0.0
669,2012-09,-3.0,0.11151967562295562
670,2012-09,-3.0,0.20187097376846871
671,2012-09,-10.0,0.0
672,2012-09,1.0,0.5982536192471672
673,2012-09,-3.0,0.0
674,2012-09,2.0,0.0
675,2012-09,2.0,0.0
676,2012-09,8.0,0.0
677,2012-09,-10.0,0.0
678,2012-09,-10.0,0.0
679,2012-09,-10.0,0.0
680,2012-09,-10.0,0.0
681,2012-09,-10.0,0.0
682,2012-09,-10.0,0.0
683,2012-09,-10.0,0.0
684,2012-09,1.0,0.20187097376846871
685,2012-09,-10.0,0.0
686,2012-09,2.0,0.0
687,2012-09,10.0,0.0
688,2012-09,-10.0,0.0
689,2012-09,-10.0,0.0
690,2012-09,-10.0,0.0
691,2012-09,1.0,0.026635196556287273
692,2012-09,10.0,0.0
693,2012-09,-10.0,0.0
694,2012-09,-10.0,0.0
695,2012-09,-10.0,0.0
696,2012-09,6.0,0.0
697,2012-09,8.0,0.0
698,2012-09,5.0,0.0
699,2012-09,-10.0,0.0
700,2012-09,-10.0,0.0
701,2012-09,-10.0,0.0
702,2012-09,-10.0,0.0
703,2012-09,9.0,0.0
704,2012-09,-10.0,0.0
705,2012-09,10.0,0.0
706,2012-09,-10.0,0.0
707,2012-09,-10.0,0.0
708,2012-09,6.0,0.0
709,2012-09,-10.0,0.0
710,2012-09,10.0,0.0
711,2012-09,10.0,0.0
712,2012-09,-10.0,0.0
713,2012-09,-10.0,0.0
714,2012-09,-10.0,0.0
715,2012-09,-10.0,0.0
716,2012-09,10.0,0.0
717,2012-09,9.0,0.0
718,2012-09,5.0,0.0
719,2012-09,-10.0,0.0
720,2012-09,-10.0,0.0
721,2012-09,-10.0,0.0
722,2012-09,-10.0,0.0
723,2012-09,10.0,0.0
724,2012-09,10.0,0.0
725,2012-09,-10.0,0.0
726,2012-09,-10.0,0.0
727,2012-09,-10.0,0.0
728,2012-09,-10.0,0.0
729,2012-09,1.0,0.11697761754719208
730,2012-09,4.0,0.0
731,2012-09,-10.0,0.0
732,2012-09,-10.0,0.0
733,2012-09,1.0,0.022139832416854188
734,2012-09,-10.0,0.0
735,2012-09,1.0,0.022139832416854188
736,2012-09,-10.0,0.0
737,2012-09,3.0,0.0
738,2012-09,3.0,0.0
739,2012-09,-10.0,0.0
740,2012-09,-10.0,0.0
741,2012-09,-10.0,0.0
742,2012-09,-10.0,0.0
743,2012-09,2.0,0.0
744,2012-09,1.0,0.00039503705262766643
745,2012-09,5.0,0.0
746,2012-09,-10.0,0.0
747,2012-09,-10.0,0.0
748,2012-09,-10.0,0.0
749,2012-09,-10.0,0.0
750,2012-09,5.0,0.0
751,2012-09,5.0,0.0
752,2012-09,3.0,0.0
753,2012-09,-10.0,0.0
754,2012-09,-10.0,0.0
755,2012-09,-10.0,0.0
756,2012-09,-10.0,0.0
757,2012-09,5.0,0.0
758,2012-09,-10.0,0.0
759,2012-09,-10.0,0.0
760,2012-09,-10.0,0.0
761,2012-09,4.0,0.0
762,2012-09,3.0,0.0
763,2012-09,-10.0,0.0
764,2012-09,-10.0,0.0
765,2012-09,-10.0,0.0
766,2012-09,1.0,3.819196837976958e-13
767,2012-09,-10.0,0.0
768,2012-09,-10.0,0.0
769,2012-09,-10.0,0.0
770,2012-09,-10.0,0.0
771,2012-09,-10.0,0.0
772,2012-09,-10.0,0.0
773,2012-09,-10.0,0.0
774,2012-09,-10.0,0.0
775,2012-09,-10.0,0.0
776,2012-09,-10.0,0.0
777,2012-09,-10.0,0.0
778,2012-09,3.0,0.0
779,2012-09,1.0,9.217200026246841e-13
780,2012-09,-10.0,0.0
781,2012-09,-10.0,0.0
782,2012-09,-10.0,0.0
783,2012-09,3.0,0.0
784,2012-09,-10.0,0.0
785,2012-09,1.0,9.50774177191478e-33
786,2012-09,-10.0,0.0
787,2012-09,-10.0,0.0
788,2012-10,-10.0,0.0
789,2012-10,-1.0,0.7998918639397218
790,2012-10,-1.0,0.6278674933994568
791,2012-10,-5.0,0.0
792,2012-10,-5.0,0.0
793,2012-10,-5.0,0.0
794,2012-10,-5.0,0.0
795,2012-10,-10.0,0.0
796,2012-10,-10.0,0.0
797,2012-10,1.0,0.24871226882729963
798,2012-10,-1.0,0.8066238599886993
799,2012-10,-10.0,0.0
800,2012-10,-10.0,0.0
801,2012-10,-10.0,0.0
802,2012-10,-1.0,0.6462603045885547
803,2012-10,-10.0,0.0
804,2012-10,-10.0,0.0
805,2012-10,-10.0,0.0
806,2012-10,-10.0,0.0
807,2012-10,-10.0,0.0
808,2012-10,-10.0,0.0
809,2012-10,-10.0,0.0
810,2012-10,10.0,0.0
811,2012-10,-10.0,0.0
812,2012-10,-10.0,0.0
813,2012-10,-10.0,0.0
814,2012-10,-10.0,0.0
815,2012-10,-10.0,0.0
816,2012-10,-10.0,0.0
817,2012-10,1.0,0.4336117536994892
818,2012-10,-10.0,0.0
819,2012-10,-10.0,0.0
820,2012-10,-10.0,0.0
821,2012-10,-10.0,0.0
822,2012-10,-10.0,0.0
823,2012-10,-10.0,0.0
824,2012-10,-10.0,0.0
825,2012-10,-10.0,0.0
826,2012-10,10.0,0.0
827,2012-10,-10.0,0.0
828,2012-10,-10.0,0.0
829,2012-10,-10.0,0.0
830,2012-10,-10.0,0.0
831,2012-10,-10.0,0.0
832,2012-10,-10.0,0.0
833,2012-10,-10.0,0.0
834,2012-10,-1.0,0.7658715147536179
835,2012-10,-10.0,0.0
836,2012-10,-10.0,0.0
837,2012-10,-10.0,0.0
838,2012-10,10.0,0.0
839,2012-10,-10.0,0.0
840,2012-10,-10.0,0.0
841,2012-10,-10.0,0.0
842,2012-10,-10.0,0.0
843,2012-10,1.0,0.005131408242445175
844,2012-10,-10.0,0.0
845,2012-10,-10.0,0.0
846,2012-10,-10.0,0.0
847,2012-10,1.0,0.046182591586509336
848,2012-10,10.0,0.0
849,2012-10,-10.0,0.0
850,2012-10,-10.0,0.0
851,2012-10,-10.0,0.0
852,2012-10,-10.0,0.0
853,2012-10,-10.0,0.0
854,2012-10,-10.0,0.0
855,2012-10,-3.0,0.30638657919345685
856,2012-10,-10.0,0.0
857,2012-10,-1.0,0.6547833270237294
858,2012-10,-10.0,0.0
859,2012-10,4.0,0.0
860,2012-10,2.0,0.0
861,2012-10,-10.0,0.0
862,2012-10,2.0,0.0
863,2012-10,-10.0,0.0
864,2012-10,1.0,0.0826505157125154
865,2012-10,-10.0,0.0
866,2012-10,2.0,0.0
867,2012-10,-10.0,0.0
868,2012-10,2.0,0.0
869,2012-10,-10.0,0.0
870,2012-10,-10.0,0.0
871,2012-10,1.0,0.05921765573753513
872,2012-10,-10.0,0.0
873,2012-10,-10.0,0.0
874,2012-10,-10.0,0.0
875,2012-10,4.0,0.0
876,2012-10,-10.0,0.0
877,2012-10,3.0,0.0
878,2012-10,-10.0,0.0
879,2012-10,2.0,0.0
880,2012-10,2.0,0.0
881,2012-10,-10.0,0.0
882,2012-10,1.0,0.06734558389033471
883,2012-10,-10.0,0.0
884,2012-10,-10.0,0.0
885,2012-10,3.0,0.0
886,2012-10,3.0,0.0
887,2012-10,-10.0,0.0
888,2012-10,4.0,0.0
889,2012-10,4.0,0.0
890,2012-10,-10.0,0.0
891,2012-10,-10.0,0.0
892,2012-10,-10.0,0.0
893,2012-10,1.0,0.34725447548052885
894,2012-10,1.0,0.2979285386887021
895,2012-10,1.0,0.2979285386887021
896,2012-10,-5.0,0.0
897,2012-10,-5.0,0.0
898,2012-10,-10.0,0.0
899,2012-10,1.0,0.7168028492868922
900,2012-10,-10.0,0.0
901,2012-10,2.0,0.0
902,2012-10,-10.0,0.0
903,2012-10,-3.0,0.06281732512230499
904,2012-10,2.0,0.0
905,2012-10,1.0,0.18064755206198546
906,2012-10,1.0,0.11499235882010278
907,2012-10,-10.0,0.0
908,2012-10,-10.0,0.0
909,2012-10,-10.0,0.0
910,2012-10,-10.0,0.0
911,2012-10,-10.0,0.0
912,2012-10,-10.0,0.0
913,2012-10,1.0,0.2715658467564417
914,2012-10,-10.0,0.0
915,2012-10,-10.0,0.0
916,2012-10,-10.0,0.0
917,2012-10,1.0,0.16798374203976552
918,2012-10,-1.0,0.7829488788422955
919,2012-10,-1.0,0.8410024936091532
920,2012-10,-10.0,0.0
921,2012-10,1.0,6.689345932553313e-33
922,2012-10,-10.0,0.0
923,2012-10,-10.0,0.0
924,2012-10,-10.0,0.0
925,2012-10,-10.0,0.0
926,2012-10,-10.0,0.0
927,2012-10,-10.0,0.0
928,2012-10,-10.0,0.0
929,2012-10,-10.0,0.0
930,2012-10,1.0,0.3410024936091532
931,2012-10,-10.0,0.0
932,2012-10,-5.0,0.0
933,2012-10,-10.0,0.0
934,2012-10,-10.0,0.0
935,2012-11,-5.0,0.0
936,2012-11,-1.0,0.2569845984484238
937,2012-11,-10.0,0.0
938,2012-11,2.0,0.18080516939692212
939,2012-11,-4.0,0.0
940,2012-11,-3.0,0.03994495135079756
941,2012-11,-1.0,0.4063576012118096
942,2012-11,3.0,0.0
943,2012-11,-10.0,0.0
944,2012-11,-1.0,0.6984314726221315
945,2012-11,-10.0,0.0
946,2012-11,-10.0,0.0
947,2012-11,-10.0,0.0
948,2012-11,-1.0,0.8415674771602859
949,2012-11,-10.0,0.0
950,2012-11,-10.0,0.0
951,2012-11,-9.0,0.0
952,2012-11,-10.0,0.0
953,2012-11,1.0,0.544456211967489
954,2012-11,-1.0,0.3532165656746949
955,2012-11,-3.0,0.0
956,2012-11,4.0,0.0
957,2012-11,1.0,0.6824657554097927
958,2012-11,1.0,0.5540568483313787
959,2012-11,2.0,0.2168519628281888
960,2012-11,1.0,0.23400604219218668
961,2012-11,-10.0,0.0
962,2012-11,-5.0,0.0
963,2012-11,-10.0,0.0
964,2012-11,-10.0,0.0
965,2012-11,-10.0,0.0
966,2012-11,-1.0,0.6748093568072269
967,2012-11,-2.0,0.2303675129722901
968,2012-11,1.0,0.2439279090618255
969,2012-11,-10.0,0.0
970,2012-11,-1.0,0.513965788892647
971,2012-11,10.0,0.0
972,2012-11,-5.0,0.0
973,2012-11,-10.0,0.0
974,2012-11,-10.0,0.0
975,2012-11,-1.0,0.5429437748728162
976,2012-12,-10.0,0.0
977,2012-12,-10.0,0.0
978,2012-12,-10.0,0.0
979,2012-12,-1.0,0.7928443334920047
980,2012-12,-10.0,0.0
981,2012-12,-10.0,0.0
982,2012-12,-5.0,0.0
983,2012-12,-10.0,0.0
984,2012-12,-10.0,0.0
985,2012-12,-10.0,0.0
986,2012-12,-10.0,0.0
987,2012-12,-10.0,0.0
988,2012-12,-5.0,0.0
989,2012-12,-1.0,0.7615037404137297
990,2012-12,-5.0,0.0
991,2012-12,-10.0,0.0
992,2012-12,10.0,0.0
993,2012-12,-10.0,0.0
994,2012-12,-10.0,0.0
995,2012-12,-10.0,0.0
996,2012-12,10.0,0.0
997,2012-12,10.0,0.0
998,2012-12,10.0,0.0
999,2012-12,10.0,0.0
1000,2012-12,-10.0,0.0
1001,2012-12,-10.0,0.0
1002,2012-12,-10.0,0.0
1003,2012-12,-10.0,0.0
1004,2012-12,-10.0,0.0
1005,2012-12,-10.0,0.0
1006,2012-12,-10.0,0.0
1007,2012-12,-10.0,0.0
1008,2012-12,-10.0,0.0
1009,2012-12,1.0,0.5350026649848594
1010,2012-12,-3.0,0.0
1011,2012-12,-10.0,0.0
1012,2012-12,-10.0,0.0
1013,2012-12,-10.0,0.0
1014,2012-12,1.0,0.4324173821008836
1015,2012-12,-3.0,0.0
1016,2012-12,-2.0,0.13035608614376548
1017,2012-12,-1.0,0.4603614376811873
1018,2012-12,-1.0,0.46649792840805165
1019,2012-12,1.0,0.22330599814505014
1020,2012-12,1.0,0.29088707288923926
1021,2012-12,-5.0,0.0
1022,2012-12,-10.0,0.0
1023,2012-12,-9.0,0.0
1024,2012-12,2.0,0.0
1025,2012-12,-10.0,0.0
1026,2012-12,-10.0,0.0
1027,2012-12,-1.0,0.6892665002380068
1028,2013-01,-10.0,0.0
1029,2013-01,1.0,0.6334411727797171
1030,2013-01,2.0,0.06622317290709334
1031,2013-01,1.0,0.5656198838301016
1032,2013-01,4.0,0.0
1033,2013-01,2.0,0.24088476926126398
1034,2013-01,-5.0,0.0
1035,2013-01,10.0,0.0
1036,2013-01,5.0,0.0
1037,2013-01,2.0,0.2878143138033389
1038,2013-01,1.0,0.5256951828023276
1039,2013-01,-1.0,0.36108058136894466
1040,2013-01,-3.0,0.0
1041,2013-01,-10.0,0.0
1042,2013-01,-1.0,0.41995814088811034
1043,2013-01,-5.0,0.0
1044,2013-01,-10.0,0.0
1045,2013-01,-1.0,0.6245758421035139
1046,2013-01,-10.0,0.0
1047,2013-01,-2.0,0.2964204505245944
1048,2013-01,-9.0,0.0
1049,2013-01,1.0,0.36660636176468375
1050,2013-01,4.0,0.0
1051,2013-01,3.0,0.0
1052,2013-01,4.0,0.0
1053,2013-01,1.0,0.22530896863784403
1054,2013-01,1.0,3.062444437593731e-13
1055,2013-01,1.0,0.19085228124422068
1056,2013-01,1.0,0.2151908537911174
1057,2013-01,1.0,0.11005176698223623
1058,2013-01,1.0,0.18282098465632587
1059,2013-01,-5.0,0.0
1060,2013-01,-10.0,0.0
1061,2013-01,-10.0,0.0
1062,2013-01,1.0,0.2261695118761123
1063,2013-01,-10.0,0.0
1064,2013-01,-10.0,0.0
1065,2013-01,-10.0,0.0
1066,2013-01,1.0,0.18976365550891572
1067,2013-01,-10.0,0.0
1068,2013-01,1.0,0.32262533213459266
1069,2013-01,1.0,0.27170741046992797
1070,2013-01,-10.0,0.0
1071,2013-01,1.0,3.062444437593731e-13
1072,2013-01,-10.0,0.0
1073,2013-01,-10.0,0.0
1074,2013-01,2.0,0.0
1075,2013-01,-10.0,0.0
1076,2013-01,3.0,0.0
1077,2013-01,-5.0,0.0
1078,2013-01,-10.0,0.0
1079,2013-01,-10.0,0.0
1080,2013-01,-10.0,0.0
1081,2013-01,-10.0,0.0
1082,2013-01,-10.0,0.0
1083,2013-01,-9.0,0.0
1084,2013-01,10.0,0.0
1085,2013-01,-10.0,0.0
1086,2013-01,-10.0,0.0
1087,2013-01,-5.0,0.0
1088,2013-01,-10.0,0.0
1089,2013-01,-10.0,0.0
1090,2013-01,-10.0,0.0
1091,2013-01,3.0,0.0
1092,2013-01,1.0,0.5744794562160491
1093,2013-01,1.0,0.3088382881042425
1094,2013-01,-3.0,0.0
1095,2013-01,-5.0,0.0
1096,2013-01,-1.0,0.3537592384565972
1097,2013-01,-2.0,0.23179419457851286
1098,2013-01,-1.0,0.486237763249503
1099,2013-01,-10.0,0.0
1100,2013-01,-10.0,0.0
1101,2013-01,-10.0,0.0
1102,2013-01,-10.0,0.0
1103,2013-01,-3.0,0.06281732512230499
1104,2013-01,-10.0,0.0
1105,2013-01,1.0,0.18211902138000985
1106,2013-01,1.0,0.05434148627615052
1107,2013-01,-4.0,0.0
1108,2013-01,-10.0,0.0
1109,2013-01,-10.0,0.0
1110,2013-01,-10.0,0.0
1111,2013-01,-10.0,0.0
1112,2013-01,-3.0,0.2557575777247266
1113,2013-01,-10.0,0.0
1114,2013-01,-10.0,0.0
1115,2013-01,-1.0,0.562817325122305
1116,2013-01,-10.0,0.0
1117,2013-01,1.0,0.1845534103587646
1118,2013-01,-2.0,0.592897250685755
1119,2013-01,-10.0,0.0
1120,2013-02,-10.0,0.0
1121,2013-02,-10.0,0.0
1122,2013-02,-10.0,0.0
1123,2013-02,-1.0,0.646280111968096
1124,2013-02,-10.0,0.0
1125,2013-02,-5.0,0.0
1126,2013-02,-5.0,0.0
1127,2013-02,2.0,0.0
1128,2013-02,-10.0,0.0
1129,2013-02,-3.0,0.1766844939294616
1130,2013-02,-8.0,0.0
1131,2013-02,-10.0,0.0
1132,2013-02,-10.0,0.0
1133,2013-02,-10.0,0.0
1134,2013-02,-10.0,0.0
1135,2013-02,-10.0,0.0
1136,2013-02,-10.0,0.0
1137,2013-02,-10.0,0.0
1138,2013-02,-10.0,0.0
1139,2013-02,-10.0,0.0
1140,2013-02,-10.0,0.0
1141,2013-02,5.0,0.0
1142,2013-02,-10.0,0.0
1143,2013-02,5.0,0.0
1144,2013-02,-10.0,0.0
1145,2013-02,5.0,0.0
1146,2013-02,-10.0,0.0
1147,2013-02,5.0,0.0
1148,2013-02,-10.0,0.0
1149,2013-02,5.0,0.0
1150,2013-02,-10.0,0.0
1151,2013-03,-10.0,0.0
1152,2013-03,2.0,0.23909103646444343
1153,2013-03,-5.0,0.0
1154,2013-03,-10.0,0.0
1155,2013-03,2.0,0.0
1156,2013-03,-10.0,0.0
1157,2013-03,-5.0,0.0
1158,2013-03,-10.0,0.0
1159,2013-03,-10.0,0.0
1160,2013-03,-10.0,0.0
1161,2013-03,-10.0,0.0
1162,2013-03,5.0,0.0
1163,2013-03,-8.0,0.0
1164,2013-03,-10.0,0.0
1165,2013-03,10.0,0.0
1166,2013-03,10.0,0.0
1167,2013-03,-10.0,0.0
1168,2013-03,10.0,0.0
1169,2013-03,-10.0,0.0
1170,2013-03,10.0,0.0
1171,2013-03,-10.0,0.0
1172,2013-03,8.0,0.0
1173,2013-03,-10.0,0.0
1174,2013-03,8.0,0.0
1175,2013-03,-10.0,0.0
1176,2013-03,8.0,0.0
1177,2013-03,-10.0,0.0
1178,2013-03,5.0,0.0
1179,2013-03,-10.0,0.0
1180,2013-03,-5.0,0.0
1181,2013-03,-10.0,0.0
1182,2013-03,-10.0,0.0
1183,2013-03,-1.0,0.737031828715891
1184,2013-03,10.0,0.0
1185,2013-03,-10.0,0.0
1186,2013-03,-10.0,0.0
1187,2013-03,-10.0,0.0
1188,2013-03,-10.0,0.0
1189,2013-03,-10.0,0.0
1190,2013-03,-10.0,0.0
1191,2013-03,-10.0,0.0
1192,2013-03,-5.0,0.0
1193,2013-03,-10.0,0.0
1194,2013-03,-10.0,0.0
1195,2013-03,10.0,0.0
1196,2013-03,-10.0,0.0
1197,2013-03,10.0,0.0
1198,2013-03,10.0,0.0
1199,2013-03,-10.0,0.0
1200,2013-03,-1.0,0.7877957033254652
1201,2013-03,-10.0,0.0
1202,2013-03,-10.0,0.0
1203,2013-03,-10.0,0.0
1204,2013-03,-10.0,0.0
1205,2013-03,-10.0,0.0
1206,2013-03,-10.0,0.0
1207,2013-03,-10.0,0.0
1208,2013-03,-10.0,0.0
1209,2013-03,-10.0,0.0
1210,2013-03,-10.0,0.0
1211,2013-03,-10.0,0.0
1212,2013-03,-10.0,0.0
1213,2013-03,-10.0,0.0
1214,2013-03,-10.0,0.0
1215,2013-03,-10.0,0.0
1216,2013-03,-10.0,0.0
1217,2013-03,-10.0,0.0
1218,2013-03,-10.0,0.0
1219,2013-03,-10.0,0.0
1220,2013-03,-10.0,0.0
1221,2013-03,-10.0,0.0
1222,2013-03,-10.0,0.0
1223,2013-03,-10.0,0.0
1224,2013-03,-10.0,0.0
1225,2013-03,-10.0,0.0
1226,2013-03,1.0,0.26508286859023245
1227,2013-03,-10.0,0.0
1228,2013-03,-10.0,0.0
1229,2013-03,-10.0,0.0
1230,2013-03,-10.0,0.0
1231,2013-03,-10.0,0.0
1232,2013-03,-10.0,0.0
1233,2013-03,-10.0,0.0
1234,2013-03,-10.0,0.0
1235,2013-03,-10.0,0.0
1236,2013-03,-10.0,0.0
1237,2013-03,-10.0,0.0
1238,2013-03,-10.0,0.0
1239,2013-03,-10.0,0.0
1240,2013-03,-9.0,0.0
1241,2013-03,-10.0,0.0
1242,2013-03,-10.0,0.0
1243,2013-03,-10.0,0.0
1244,2013-03,-10.0,0.0
1245,2013-03,-10.0,0.0
1246,2013-03,-10.0,0.0
1247,2013-03,-10.0,0.0
1248,2013-03,-10.0,0.0
1249,2013-03,-10.0,0.0
1250,2013-03,-10.0,0.0
1251,2013-03,-10.0,0.0
1252,2013-03,-10.0,0.0
1253,2013-03,-10.0,0.0
1254,2013-03,-10.0,0.0
1255,2013-03,-10.0,0.0
1256,2013-03,9.0,0.0
1257,2013-03,-10.0,0.0
1258,2013-03,-10.0,0.0
1259,2013-03,-10.0,0.0
1260,2013-03,-10.0,0.0
1261,2013-03,-5.0,0.0
1262,2013-03,-5.0,0.0
1263,2013-03,-10.0,0.0
1264,2013-03,-10.0,0.0
1265,2013-03,10.0,0.0
1266,2013-03,10.0,0.0
1267,2013-03,-10.0,0.0
1268,2013-03,-10.0,0.0
1269,2013-03,10.0,0.0
1270,2013-03,10.0,0.0
1271,2013-03,-10.0,0.0
1272,2013-03,-10.0,0.0
1273,2013-03,-10.0,0.0
1274,2013-03,-10.0,0.0
1275,2013-03,-10.0,0.0
1276,2013-03,-10.0,0.0
1277,2013-03,-10.0,0.0
1278,2013-03,-10.0,0.0
1279,2013-03,-10.0,0.0
1280,2013-03,-10.0,0.0
1281,2013-03,-10.0,0.0
1282,2013-03,-10.0,0.0
1283,2013-03,-10.0,0.0
1284,2013-03,-10.0,0.0
1285,2013-03,-10.0,0.0
1286,2013-03,-10.0,0.0
1287,2013-03,-10.0,0.0
1288,2013-03,-10.0,0.0
1289,2013-03,-10.0,0.0
1290,2013-03,10.0,0.0
1291,2013-03,10.0,0.0
1292,2013-03,10.0,0.0
1293,2013-03,10.0,0.0
1294,2013-03,-10.0,0.0
1295,2013-03,-10.0,0.0
1296,2013-03,-10.0,0.0
1297,2013-03,-10.0,0.0
1298,2013-03,-10.0,0.0
1299,2013-03,-10.0,0.0
1300,2013-03,-10.0,0.0
1301,2013-03,-10.0,0.0
1302,2013-03,-10.0,0.0
1303,2013-03,-10.0,0.0
1304,2013-03,-10.0,0.0
1305,2013-03,-10.0,0.0
1306,2013-03,-10.0,0.0
1307,2013-03,-10.0,0.0
1308,2013-03,-10.0,0.0
1309,2013-03,10.0,0.0
1310,2013-03,-10.0,0.0
1311,2013-03,-10.0,0.0
1312,2013-03,10.0,0.0
1313,2013-03,-10.0,0.0
1314,2013-03,-10.0,0.0
1315,2013-03,-10.0,0.0
1316,2013-03,-10.0,0.0
1317,2013-03,-10.0,0.0
1318,2013-03,-10.0,0.0
1319,2013-03,-10.0,0.0
1320,2013-03,-10.0,0.0
1321,2013-03,-10.0,0.0
1322,2013-03,-10.0,0.0
1323,2013-03,-10.0,0.0
1324,2013-03,-10.0,0.0
1325,2013-03,-10.0,0.0
1326,2013-03,10.0,0.0
1327,2013-03,-10.0,0.0
1328,2013-03,-10.0,0.0
1329,2013-03,-10.0,0.0
1330,2013-03,-10.0,0.0
1331,2013-03,-10.0,0.0
1332,2013-03,-10.0,0.0
1333,2013-03,-10.0,0.0
1334,2013-03,-10.0,0.0
1335,2013-03,-10.0,0.0
1336,2013-03,-10.0,0.0
1337,2013-03,-10.0,0.0
1338,2013-03,-10.0,0.0
1339,2013-03,-10.0,0.0
1340,2013-03,-10.0,0.0
1341,2013-03,-10.0,0.0
1342,2013-03,-10.0,0.0
1343,2013-03,-10.0,0.0
1344,2013-03,-10.0,0.0
1345,2013-03,-10.0,0.0
1346,2013-03,-10.0,0.0
1347,2013-03,-10.0,0.0
1348,2013-03,-10.0,0.0
1349,2013-03,-10.0,0.0
1350,2013-03,-10.0,0.0
1351,2013-03,-10.0,0.0
1352,2013-03,-10.0,0.0
1353,2013-03,-10.0,0.0
1354,2013-03,-10.0,0.0
1355,2013-03,-10.0,0.0
1356,2013-03,-10.0,0.0
1357,2013-03,-10.0,0.0
1358,2013-03,-10.0,0.0
1359,2013-03,-10.0,0.0
1360,2013-03,-10.0,0.0
1361,2013-03,-10.0,0.0
1362,2013-03,-10.0,0.0
1363,2013-03,-10.0,0.0
1364,2013-03,-10.0,0.0
1365,2013-03,-10.0,0.0
1366,2013-03,-10.0,0.0
1367,2013-03,-10.0,0.0
1368,2013-03,-10.0,0.0
1369,2013-03,-10.0,0.0
1370,2013-03,-10.0,0.0
1371,2013-03,-10.0,0.0
1372,2013-03,-10.0,0.0
1373,2013-03,-10.0,0.0
1374,2013-03,-10.0,0.0
1375,2013-03,-10.0,0.0
1376,2013-03,-10.0,0.0
1377,2013-03,-10.0,0.0
1378,2013-03,-10.0,0.0
1379,2013-03,-10.0,0.0
1380,2013-03,-10.0,0.0
1381,2013-03,-10.0,0.0
1382,2013-03,-10.0,0.0
1383,2013-03,-10.0,0.0
1384,2013-03,-10.0,0.0
1385,2013-03,-10.0,0.0
1386,2013-03,-10.0,0.0
1387,2013-03,-10.0,0.0
1388,2013-03,-10.0,0.0
1389,2013-03,-10.0,0.0
1390,2013-03,-10.0,0.0
1391,2013-03,-10.0,0.0
1392,2013-03,-10.0,0.0
1393,2013-03,-10.0,0.0
1394,2013-03,-10.0,0.0
1395,2013-03,-10.0,0.0
1396,2013-03,-10.0,0.0
1397,2013-03,-10.0,0.0
1398,2013-03,-1.0,0.6476243028853487
1399,2013-04,-10.0,0.0
1400,2013-04,-10.0,0.0
1401,2013-04,-10.0,0.0
1402,2013-04,-10.0,0.0
1403,2013-04,-10.0,0.0
1404,2013-04,-1.0,0.517169699396813
1405,2013-04,1.0,0.5437582361307423
1406,2013-04,-10.0,0.0
1407,2013-04,1.0,0.5362061957246428
1408,2013-04,-2.0,0.0
1409,2013-04,-8.0,0.0
1410,2013-04,-1.0,0.44010322233352694
1411,2013-04,-1.0,0.6557776298944132
1412,2013-04,-8.0,0.0
1413,2013-04,-10.0,0.0
1414,2013-04,-10.0,0.0
1415,2013-04,-10.0,0.0
1416,2013-04,1.0,0.07705918508231265
1417,2013-04,-10.0,0.0
1418,2013-04,-10.0,0.0
1419,2013-04,-10.0,0.0
1420,2013-04,-10.0,0.0
1421,2013-04,1.0,0.26253241922391357
1422,2013-04,-10.0,0.0
1423,2013-04,-10.0,0.0
1424,2013-04,-10.0,0.0
1425,2013-04,-10.0,0.0
1426,2013-05,-10.0,0.0
1427,2013-05,-10.0,0.0
1428,2013-05,-10.0,0.0
1429,2013-05,-10.0,0.0
1430,2013-05,-10.0,0.0
1431,2013-05,-6.0,0.0
1432,2013-05,-10.0,0.0
1433,2013-05,-10.0,0.0
1434,2013-05,-5.0,0.0
1435,2013-05,-1.0,0.6363613221401762
1436,2013-05,-1.0,0.7785043026044528
1437,2013-05,-1.0,0.606619601425054
1438,2013-05,-1.0,0.7175602104710462
1439,2013-05,-1.0,0.7042528830975198
1440,2013-05,1.0,0.3187449877918309
1441,2013-05,-4.0,0.0
1442,2013-05,-1.0,0.4968139810929309
1443,2013-05,1.0,0.2915298596703626
1444,2013-05,1.0,0.3567385173425213
1445,2013-05,-10.0,0.0
1446,2013-05,-10.0,0.0
1447,2013-05,-10.0,0.0
1448,2013-05,4.0,0.0
1449,2013-05,-10.0,0.0
1450,2013-05,-5.0,0.0
1451,2013-05,-1.0,0.6554755069171401
1452,2013-05,-5.0,0.0
1453,2013-05,-10.0,0.0
1454,2013-05,-10.0,0.0
1455,2013-06,-10.0,0.0
1456,2013-06,-10.0,0.0
1457,2013-06,-10.0,0.0
1458,2013-06,-4.0,0.0
1459,2013-06,-10.0,0.0
1460,2013-06,-10.0,0.0
1461,2013-06,-10.0,0.0
1462,2013-06,-1.0,0.7062207866456292
1463,2013-06,1.0,0.2720096743364317
1464,2013-06,-10.0,0.0
1465,2013-06,-10.0,0.0
1466,2013-06,-10.0,0.0
1467,2013-06,-3.0,0.18003102735708099
1468,2013-06,-1.0,0.6828209846563259
1469,2013-06,-10.0,0.0
1470,2013-06,-10.0,0.0
1471,2013-06,-10.0,0.0
1472,2013-06,-10.0,0.0
1473,2013-06,-1.0,0.6425738046750884
1474,2013-06,-10.0,0.0
1475,2013-06,-10.0,0.0
1476,2013-06,-5.0,0.0
1477,2013-06,-10.0,0.0
1478,2013-06,-10.0,0.0
1479,2013-06,-10.0,0.0
1480,2013-06,1.0,0.4339696976285254
1481,2013-06,1.0,0.3491258202508686
1482,2013-06,2.0,0.23970372427486694
1483,2013-06,-10.0,0.0
1484,2013-06,1.0,0.23242700770115604
1485,2013-06,-10.0,0.0
1486,2013-06,-10.0,0.0
1487,2013-06,-10.0,0.0
1488,2013-06,1.0,0.22423697617624283
1489,2013-06,1.0,0.26665339553605205
1490,2013-06,-10.0,0.0
1491,2013-06,-1.0,0.4939279996391284
1492,2013-06,1.0,8.006639973586861e-13
1493,2013-06,-10.0,0.0
1494,2013-06,-10.0,0.0
1495,2013-06,-10.0,0.0
1496,2013-06,-10.0,0.0
1497,2013-06,-10.0,0.0
1498,2013-06,-10.0,0.0
1499,2013-06,-10.0,0.0
1500,2013-06,-10.0,0.0
1501,2013-06,-10.0,0.0
1502,2013-07,-10.0,0.0
1503,2013-07,-10.0,0.0
1504,2013-07,-2.0,0.3500865061842871
1505,2013-07,-1.0,0.4241016943762935
1506,2013-07,-8.0,0.0
1507,2013-07,2.0,0.013681804827027506
1508,2013-07,1.0,0.35644122241423803
1509,2013-07,1.0,0.39286557818850304
1510,2013-07,2.0,0.003813465961171117
1511,2013-07,1.0,0.3996895847027885
1512,2013-07,1.0,0.3077536732490882
1513,2013-07,1.0,0.45863269040956595
1514,2013-07,2.0,0.18749976677386193
1515,2013-07,3.0,0.0
1516,2013-07,-10.0,0.0
1517,2013-07,-10.0,0.0
1518,2013-07,-10.0,0.0
1519,2013-07,-10.0,0.0
1520,2013-07,-10.0,0.0
1521,2013-07,-1.0,0.6473526366829189
1522,2013-07,-8.0,0.0
1523,2013-07,-1.0,0.5623877848583779
1524,2013-07,-2.0,0.2650945764234343
1525,2013-07,-10.0,0.0
1526,2013-07,-1.0,0.45258216452625477
1527,2013-07,-10.0,0.0
1528,2013-07,2.0,0.0
1529,2013-07,-7.0,0.0
1530,2013-07,-10.0,0.0
1531,2013-07,-10.0,0.0
1532,2013-07,-3.0,0.1626186664260856
1533,2013-07,-10.0,0.0
1534,2013-07,-10.0,0.0
1535,2013-07,-1.0,0.5632629120759132
1536,2013-07,1.0,0.2676648620339827
1537,2013-07,-10.0,0.0
1538,2013-07,-10.0,0.0
1539,2013-07,-10.0,0.0
1540,2013-07,-1.0,0.8149669627993343
1541,2013-07,-10.0,0.0
1542,2013-07,-10.0,0.0
1543,2013-07,-10.0,0.0
1544,2013-07,-10.0,0.0
1545,2013-07,-10.0,0.0
1546,2013-07,-10.0,0.0
1547,2013-07,-10.0,0.0
1548,2013-07,-10.0,0.0
1549,2013-07,-10.0,0.0
1550,2013-07,-10.0,0.0
1551,2013-07,-10.0,0.0
1552,2013-07,-10.0,0.0
1553,2013-07,-10.0,0.0
1554,2013-07,-10.0,0.0
1555,2013-07,-10.0,0.0
1556,2013-07,-10.0,0.0
1557,2013-07,-10.0,0.0
1558,2013-07,-10.0,0.0
1559,2013-07,-10.0,0.0
1560,2013-07,-10.0,0.0
1561,2013-07,-10.0,0.0
1562,2013-07,-10.0,0.0
1563,2013-07,-10.0,0.0
1564,2013-07,1.0,0.2880493398630537
1565,2013-07,1.0,0.4693208148024387
1566,2013-07,1.0,0.19259959273783975
1567,2013-07,1.0,0.36396454835306713
1568,2013-07,1.0,0.3123940121716937
1569,2013-07,-10.0,0.0
1570,2013-07,-10.0,0.0
1571,2013-07,-1.0,0.7050650588187118
1572,2013-07,-10.0,0.0
1573,2013-07,-10.0,0.0
1574,2013-07,-10.0,0.0
1575,2013-07,1.0,0.22885389925663813
1576,2013-07,-1.0,0.6365428765081591
1577,2013-07,-10.0,0.0
1578,2013-07,-10.0,0.0
1579,2013-07,-5.0,0.0
1580,2013-07,-10.0,0.0
1581,2013-07,-10.0,0.0
1582,2013-07,1.0,0.40109524197403584
1583,2013-07,1.0,0.2668608241999087
1584,2013-07,1.0,0.3651671905213121
1585,2013-07,-10.0,0.0
1586,2013-07,-1.0,0.7710670978011247
1587,2013-07,1.0,0.5346235161270548
1588,2013-07,1.0,0.3092248658674027
1589,2013-07,1.0,0.42227727870135945
1590,2013-07,-10.0,0.0
1591,2013-07,1.0,0.12181205933006707
1592,2013-07,-10.0,0.0
1593,2013-07,1.0,0.35363302390642254
1594,2013-07,2.0,0.14419039095420327
1595,2013-07,-10.0,0.0
1596,2013-07,1.0,0.2898964788602359
1597,2013-07,2.0,0.020142627355778795
1598,2013-07,1.0,0.2949123387953602
1599,2013-07,-10.0,0.0
1600,2013-07,1.0,0.27773337477771903
1601,2013-07,-10.0,0.0
1602,2013-07,3.0,0.0
1603,2013-07,3.0,0.0
1604,2013-07,1.0,0.31816596599504793
1605,2013-07,1.0,0.4308050648439939
1606,2013-07,-10.0,0.0
1607,2013-07,1.0,0.35079036851937145
1608,2013-07,-1.0,0.5400137063107614
1609,2013-07,1.0,0.2977176754226002
1610,2013-07,-10.0,0.0
1611,2013-07,-10.0,0.0
1612,2013-07,1.0,0.2676648620339827
1613,2013-07,-10.0,0.0
1614,2013-07,1.0,0.3242382550155263
1615,2013-07,1.0,0.19174965354396928
1616,2013-07,-10.0,0.0
1617,2013-07,1.0,0.3419896344206645
1618,2013-07,1.0,0.3211360269584835
1619,2013-07,-10.0,0.0
1620,2013-07,-10.0,0.0
1621,2013-07,-10.0,0.0
1622,2013-07,1.0,0.19829044000942872
1623,2013-07,2.0,0.0
1624,2013-07,-10.0,0.0
1625,2013-07,1.0,0.19829044000942872
1626,2013-07,-10.0,0.0
1627,2013-07,1.0,0.30093400222892447
1628,2013-07,1.0,0.33974496500626905
1629,2013-07,-10.0,0.0
1630,2013-07,-10.0,0.0
1631,2013-07,1.0,0.2122169456604683
1632,2013-07,-10.0,0.0
1633,2013-07,1.0,0.5227576960647566
1634,2013-07,1.0,0.5663007483508852
1635,2013-07,1.0,0.46301466289829396
1636,2013-07,1.0,0.4073936814435939
1637,2013-07,1.0,0.6392522812194394
1638,2013-07,-10.0,0.0
1639,2013-07,-10.0,0.0
1640,2013-08,-10.0,0.0
1641,2013-08,-10.0,0.0
1642,2013-08,-10.0,0.0
1643,2013-08,-10.0,0.0
1644,2013-08,-10.0,0.0
1645,2013-08,-10.0,0.0
1646,2013-08,3.0,0.0
1647,2013-08,1.0,0.5160686502230627
1648,2013-08,1.0,0.6407645270111395
1649,2013-08,-10.0,0.0
1650,2013-08,-10.0,0.0
1651,2013-08,-10.0,0.0
1652,2013-08,-10.0,0.0
1653,2013-08,-10.0,0.0
1654,2013-08,-10.0,0.0
1655,2013-08,-10.0,0.0
1656,2013-08,10.0,0.0
1657,2013-08,-10.0,0.0
1658,2013-08,1.0,0.5698342590726199
1659,2013-08,2.0,0.28698975011252575
1660,2013-08,6.0,0.0
1661,2013-08,6.0,0.0
1662,2013-08,2.0,0.4045407314375275
1663,2013-08,1.0,0.5692010365255123
1664,2013-08,1.0,0.5930494350205358
1665,2013-08,1.0,0.5550450504814107
1666,2013-08,4.0,0.0
1667,2013-08,-10.0,0.0
1668,2013-08,-10.0,0.0
1669,2013-08,-10.0,0.0
1670,2013-08,-10.0,0.0
1671,2013-08,-10.0,0.0
1672,2013-08,-10.0,0.0
1673,2013-08,-10.0,0.0
1674,2013-08,-10.0,0.0
1675,2013-08,1.0,0.8604467807308464
1676,2013-08,1.0,0.6546559962188595
1677,2013-08,-10.0,0.0
1678,2013-08,1.0,0.6903191048256159
1679,2013-08,1.0,0.5839546566955827
1680,2013-08,1.0,0.7643568294581627
1681,2013-08,2.0,0.37375054973168814
1682,2013-08,1.0,0.6296449918764191
1683,2013-08,3.0,0.014739431332114281
1684,2013-08,-10.0,0.0
1685,2013-08,3.0,0.07313340280844305
1686,2013-08,1.0,0.5716555206902647
1687,2013-08,1.0,0.6634050660312268
1688,2013-08,2.0,0.37483918603262095
1689,2013-08,5.0,0.0
1690,2013-08,2.0,0.3781170497902773
1691,2013-08,4.0,0.0
1692,2013-08,2.0,0.3968042620154659
1693,2013-08,-1.0,0.27757906286730094
1694,2013-08,1.0,0.5513588140052128
1695,2013-08,2.0,0.29071487337038293
1696,2013-08,1.0,0.786204567875014
1697,2013-08,1.0,0.615280946705602
1698,2013-08,1.0,0.657988758080439
1699,2013-08,-5.0,0.0
1700,2013-08,-3.0,0.0
1701,2013-08,-1.0,0.3876833666990085
1702,2013-08,-1.0,0.2782291407540728
1703,2013-08,-3.0,0.0
1704,2013-08,2.0,0.28620456787512777
1705,2013-08,2.0,0.4493864796954034
1706,2013-08,1.0,0.7207870257334273
1707,2013-08,4.0,0.0
1708,2013-08,1.0,0.6779729520919361
1709,2013-08,1.0,0.650741000601863
1710,2013-08,1.0,0.5388081256734866
1711,2013-08,5.0,0.0
1712,2013-08,2.0,0.3057210418774477
1713,2013-08,1.0,0.6242946634700975
1714,2013-08,1.0,0.7917512697469904
1715,2013-08,2.0,0.3894491025175892
1716,2013-08,5.0,0.0
1717,2013-08,1.0,0.786204567875014
1718,2013-08,1.0,0.7119204455547031
1719,2013-08,2.0,0.413387925352182
1720,2013-08,1.0,0.7231301349685616
1721,2013-08,1.0,0.6633111428656256
1722,2013-08,10.0,0.0
1723,2013-08,1.0,0.786204567875014
1724,2013-08,3.0,0.10639136467673141
1725,2013-08,1.0,0.8098811440910008
1726,2013-08,1.0,0.6230215961254865
1727,2013-08,2.0,0.41341938006278883
1728,2013-08,5.0,0.0
1729,2013-08,1.0,0.6481174505461941
1730,2013-08,2.0,0.3591227084115459
1731,2013-08,1.0,0.6494454162734908
1732,2013-08,1.0,0.5872245687666264
1733,2013-08,2.0,0.30005570656147457
1734,2013-08,2.0,0.3810659781581084
1735,2013-08,9.0,0.0
1736,2013-08,3.0,0.09568683746647426
1737,2013-08,1.0,0.5442423839882496
1738,2013-08,7.0,0.0
1739,2013-08,5.0,0.0
1740,2013-08,2.0,0.44948531091057486
1741,2013-08,-10.0,0.0
1742,2013-08,-10.0,0.0
1743,2013-08,1.0,0.5363056278122886
1744,2013-08,1.0,0.6367409704726893
1745,2013-08,1.0,0.6687065275258758
1746,2013-08,1.0,0.5165124523240507
1747,2013-08,1.0,0.6624137259139592
1748,2013-08,1.0,0.8017640022138818
1749,2013-08,1.0,0.5731732416598463
1750,2013-08,3.0,0.13753082770181857
1751,2013-08,1.0,0.6464817075654063
1752,2013-08,1.0,0.6911363935757991
1753,2013-08,1.0,0.6534451679259076
1754,2013-08,1.0,0.7212622062676853
1755,2013-08,2.0,0.2907595205614723
1756,2013-08,1.0,0.606367254175629
1757,2013-08,1.0,0.6223237535678464
1758,2013-08,1.0,0.794344890446385
1759,2013-08,1.0,0.5213906502065121
1760,2013-08,1.0,0.6036587571057542
1761,2013-08,1.0,0.6730226230354914
1762,2013-08,1.0,0.5749268707391518
1763,2013-08,2.0,0.29196434587669207
1764,2013-08,2.0,0.3372941768769648
1765,2013-08,1.0,0.6083758433692524
1766,2013-08,3.0,0.004803166580516494
1767,2013-08,-10.0,0.0
1768,2013-08,-2.0,0.29475771880451396
1769,2013-08,-10.0,0.0
1770,2013-08,-1.0,0.42985255390856614
1771,2013-08,-10.0,0.0
1772,2013-08,-10.0,0.0
1773,2013-08,-10.0,0.0
1774,2013-08,1.0,0.6998996936601798
1775,2013-08,1.0,0.6402044666928061
1776,2013-08,2.0,0.4651156595848126
1777,2013-08,1.0,0.7675191441921575
1778,2013-08,1.0,0.5479166474526008
1779,2013-08,2.0,0.46441910292726624
1780,2013-08,1.0,0.6353986608490079
1781,2013-08,1.0,0.7936300811818272
1782,2013-08,1.0,0.8374627371755375
1783,2013-08,1.0,0.818262971995168
1784,2013-08,5.0,0.0
1785,2013-08,-10.0,0.0
1786,2013-08,-10.0,0.0
1787,2013-08,-10.0,0.0
1788,2013-08,-10.0,0.0
1789,2013-08,-10.0,0.0
1790,2013-08,-10.0,0.0
1791,2013-08,-10.0,0.0
1792,2013-08,-10.0,0.0
1793,2013-08,-10.0,0.0
1794,2013-08,-10.0,0.0
1795,2013-08,-10.0,0.0
1796,2013-08,-10.0,0.0
1797,2013-08,-10.0,0.0
1798,2013-08,-10.0,0.0
1799,2013-08,-10.0,0.0
1800,2013-08,-10.0,0.0
1801,2013-08,-10.0,0.0
1802,2013-08,-10.0,0.0
1803,2013-08,-10.0,0.0
1804,2013-08,-10.0,0.0
1805,2013-08,-10.0,0.0
1806,2013-08,-10.0,0.0
1807,2013-08,-10.0,0.0
1808,2013-08,-10.0,0.0
1809,2013-08,-10.0,0.0
1810,2013-08,-10.0,0.0
1811,2013-08,1.0,0.6014607998008403
1812,2013-08,1.0,0.5599353583046963
1813,2013-08,1.0,0.7947028598781904
1814,2013-08,1.0,0.6742719408305979
1815,2013-08,1.0,0.6599571200932937
1816,2013-08,1.0,0.8445675367020996
1817,2013-08,1.0,0.6336547535265289
1818,2013-08,3.0,0.2136266096243197
1819,2013-08,1.0,0.4485131578431043
1820,2013-08,2.0,0.23889472848730303
1821,2013-08,1.0,0.7419344909411372
1822,2013-08,2.0,0.36754049901123964
1823,2013-08,1.0,0.7722641619714246
1824,2013-08,3.0,0.20378528869073545
1825,2013-08,1.0,0.6280317154327546
1826,2013-08,1.0,0.6772835321777024
1827,2013-08,1.0,0.6733092243842138
1828,2013-08,1.0,0.6713267123017317
1829,2013-08,1.0,0.6312122589119543
1830,2013-08,1.0,0.5988517216375951
1831,2013-08,1.0,0.5917475157758018
1832,2013-08,4.0,0.0
1833,2013-08,2.0,0.27937236530446147
1834,2013-08,1.0,0.6697758799055292
1835,2013-08,10.0,0.0
1836,2013-08,1.0,0.6530553965191943
1837,2013-08,3.0,0.19511845134491332
1838,2013-08,1.0,0.688532426908323
1839,2013-08,1.0,0.7314150958909986
1840,2013-08,1.0,0.7050568659541957
1841,2013-08,2.0,0.44984232704691096
1842,2013-08,10.0,0.0
1843,2013-08,1.0,0.6706564394231053
1844,2013-08,1.0,0.6255964906028448
1845,2013-08,2.0,0.3514127776852778
1846,2013-08,1.0,0.7651068936112458
1847,2013-08,2.0,0.4307608297909415
1848,2013-08,1.0,0.7161807189422407
1849,2013-08,1.0,0.79067724981537
1850,2013-08,3.0,0.0
1851,2013-08,1.0,0.5908351554803374
1852,2013-08,2.0,0.3336928776248299
1853,2013-08,10.0,0.0
1854,2013-08,1.0,0.7008785796420027
1855,2013-08,1.0,0.5977840435830133
1856,2013-08,4.0,0.0
1857,2013-08,5.0,0.0
1858,2013-08,1.0,0.4651043158259797
1859,2013-08,2.0,0.38867652460666424
1860,2013-08,1.0,0.5797605113418993
1861,2013-08,1.0,0.5532819484948962
1862,2013-08,2.0,0.5055767396156603
1863,2013-08,8.0,0.0
1864,2013-08,2.0,0.26518152589070454
1865,2013-08,2.0,0.41000489108987764
1866,2013-08,1.0,0.5785828339857163
1867,2013-08,5.0,0.0
1868,2013-08,5.0,0.0
1869,2013-08,10.0,0.0
1870,2013-08,3.0,0.09768036130469554
1871,2013-08,1.0,0.6197561761203583
1872,2013-08,1.0,0.6815673460765883
1873,2013-08,5.0,0.0
1874,2013-08,2.0,0.3975591076260879
1875,2013-08,2.0,0.364442607578684
1876,2013-08,2.0,0.42396454084761365
1877,2013-08,2.0,0.38751922047583764
1878,2013-08,2.0,0.43471297694229777
1879,2013-08,2.0,0.382515749524387
1880,2013-08,7.0,0.0
1881,2013-08,3.0,0.1848518473949884
1882,2013-08,1.0,0.6062463122828612
1883,2013-08,1.0,0.6293106383886335
1884,2013-08,4.0,0.0
1885,2013-08,1.0,0.2476191548137998
1886,2013-08,2.0,0.1712299814177841
1887,2013-08,1.0,0.3665018180381807
1888,2013-08,2.0,0.0
1889,2013-08,1.0,0.4372264926109363
1890,2013-08,-10.0,0.0
1891,2013-08,-10.0,0.0
1892,2013-08,-10.0,0.0
1893,2013-08,-8.0,0.0
1894,2013-08,-1.0,0.5486255893931851
1895,2013-08,-5.0,0.0
1896,2013-08,-10.0,0.0
1897,2013-08,-10.0,0.0
1898,2013-08,-10.0,0.0
1899,2013-08,-10.0,0.0
1900,2013-08,-1.0,0.5856977193147536
1901,2013-08,4.0,0.0
1902,2013-08,-10.0,0.0
1903,2013-08,-10.0,0.0
1904,2013-08,-10.0,0.0
1905,2013-08,-10.0,0.0
1906,2013-08,-10.0,0.0
1907,2013-08,-10.0,0.0
1908,2013-08,1.0,0.4200670562132889
1909,2013-08,-10.0,0.0
1910,2013-08,1.0,0.6144927508186836
1911,2013-08,-10.0,0.0
1912,2013-08,1.0,0.5070037468024644
1913,2013-08,-10.0,0.0
1914,2013-08,-10.0,0.0
1915,2013-08,-10.0,0.0
1916,2013-08,1.0,0.28368134724447674
1917,2013-08,1.0,0.4555221735701017
1918,2013-08,-10.0,0.0
1919,2013-08,-10.0,0.0
1920,2013-08,-10.0,0.0
1921,2013-08,2.0,0.35122894288516
1922,2013-08,1.0,0.5517985509163065
1923,2013-08,1.0,0.5887851900569825
1924,2013-08,-10.0,0.0
1925,2013-08,-10.0,0.0
1926,2013-08,1.0,0.4895071378981394
1927,2013-08,1.0,0.5361261832052288
1928,2013-08,1.0,0.5962466376979574
1929,2013-08,1.0,0.7162044736414822
1930,2013-08,1.0,0.7518076309263875
1931,2013-08,1.0,0.7117577587748504
1932,2013-08,1.0,0.6233628378834912
1933,2013-08,1.0,0.7597979661258389
1934,2013-08,1.0,0.7117577587748504
1935,2013-08,1.0,0.6521168241614815
1936,2013-08,1.0,0.666636233428568
1937,2013-08,2.0,0.41733279008611446
1938,2013-08,2.0,0.35269023534085236
1939,2013-08,-10.0,0.0
1940,2013-08,-10.0,0.0
1941,2013-08,-10.0,0.0
1942,2013-08,-10.0,0.0
1943,2013-08,10.0,0.0
1944,2013-08,-10.0,0.0
1945,2013-08,-10.0,0.0
1946,2013-08,-10.0,0.0
1947,2013-08,-10.0,0.0
1948,2013-08,-10.0,0.0
1949,2013-08,-10.0,0.0
1950,2013-08,-10.0,0.0
1951,2013-08,-10.0,0.0
1952,2013-08,-10.0,0.0
1953,2013-08,-10.0,0.0
1954,2013-08,-10.0,0.0
1955,2013-08,-10.0,0.0
1956,2013-08,-10.0,0.0
1957,2013-08,-10.0,0.0
1958,2013-08,-10.0,0.0
1959,2013-08,-10.0,0.0
1960,2013-08,-10.0,0.0
1961,2013-08,-10.0,0.0
1962,2013-08,-10.0,0.0
1963,2013-08,1.0,0.7459952478336871
1964,2013-08,2.0,0.30212783364679147
1965,2013-08,2.0,0.45779387011696204
1966,2013-08,1.0,0.6557614447831811
1967,2013-08,1.0,0.6547714917676489
1968,2013-08,1.0,0.7451840514104081
1969,2013-08,2.0,0.36291247515996816
1970,2013-08,1.0,0.5557248517244343
1971,2013-08,1.0,0.5519890059767789
1972,2013-08,2.0,0.34897836458125275
1973,2013-08,1.0,0.5467312620132715
1974,2013-08,1.0,0.6235438428030334
1975,2013-08,1.0,0.7117577587748504
1976,2013-08,1.0,0.5697576295125415
1977,2013-08,1.0,0.6457686627635028
1978,2013-08,9.0,0.0
1979,2013-08,2.0,0.3795006626790043
1980,2013-08,1.0,0.658258889998809
1981,2013-08,6.0,0.0
1982,2013-08,10.0,0.0
1983,2013-08,1.0,0.680487398507431
1984,2013-08,6.0,0.0
1985,2013-08,1.0,0.5719733066216601
1986,2013-08,1.0,0.6173173367552162
1987,2013-08,1.0,0.6789167698078807
1988,2013-08,1.0,0.4689519662006644
1989,2013-08,2.0,0.40138261894392885
1990,2013-08,2.0,0.3191679699944201
1991,2013-08,1.0,0.7702244691354051
1992,2013-08,3.0,0.0
1993,2013-08,3.0,0.0
1994,2013-08,1.0,0.5986903990320538
1995,2013-08,3.0,0.03214548602875975
1996,2013-08,1.0,0.551068852138897
1997,2013-08,1.0,0.7315001068800556
1998,2013-08,1.0,0.5472733009963248
1999,2013-08,1.0,0.6156227242361159
2000,2013-08,2.0,0.39074955740962475
2001,2013-08,2.0,0.15348644630897854
2002,2013-08,1.0,0.7344112891696425
2003,2013-08,1.0,0.7218676787054712
2004,2013-08,2.0,0.25760819050774747
2005,2013-08,1.0,0.5121524888059981
2006,2013-08,1.0,0.7173240241125476
2007,2013-08,3.0,0.08277183384743728
2008,2013-08,1.0,0.6967276918340238
2009,2013-08,-10.0,0.0
2010,2013-08,-10.0,0.0
2011,2013-08,-10.0,0.0
2012,2013-08,1.0,0.31882876453208686
2013,2013-08,1.0,0.0588235294117647
2014,2013-08,1.0,0.21106754154192056
2015,2013-08,-10.0,0.0
2016,2013-08,-10.0,0.0
2017,2013-08,-10.0,0.0
2018,2013-08,-10.0,0.0
2019,2013-08,-10.0,0.0
2020,2013-08,-10.0,0.0
2021,2013-08,-10.0,0.0
2022,2013-08,-10.0,0.0
2023,2013-08,-10.0,0.0
2024,2013-08,-10.0,0.0
2025,2013-08,1.0,0.5845810775424785
2026,2013-08,-10.0,0.0
2027,2013-08,1.0,0.4498105379299119
2028,2013-08,1.0,0.37326466512869416
2029,2013-08,1.0,0.3327083020305587
2030,2013-08,1.0,0.192331525164977
2031,2013-08,10.0,0.0
2032,2013-08,-10.0,0.0
2033,2013-08,-10.0,0.0
2034,2013-08,-10.0,0.0
2035,2013-08,-10.0,0.0
2036,2013-08,-10.0,0.0
2037,2013-08,-10.0,0.0
2038,2013-08,-10.0,0.0
2039,2013-08,-10.0,0.0
2040,2013-08,-10.0,0.0
2041,2013-08,-10.0,0.0
2042,2013-08,-10.0,0.0
2043,2013-08,-10.0,0.0
2044,2013-08,-10.0,0.0
2045,2013-08,-10.0,0.0
2046,2013-08,-10.0,0.0
2047,2013-08,-10.0,0.0
2048,2013-08,-10.0,0.0
2049,2013-08,-10.0,0.0
2050,2013-08,-10.0,0.0
2051,2013-08,-10.0,0.0
2052,2013-08,1.0,0.2808678280777733
2053,2013-08,-10.0,0.0
2054,2013-08,-10.0,0.0
2055,2013-08,-10.0,0.0
2056,2013-08,1.0,0.5044193273166949
2057,2013-08,1.0,0.4966705988377612
2058,2013-08,1.0,0.4923933108412829
2059,2013-08,-10.0,0.0
2060,2013-08,-10.0,0.0
2061,2013-08,-10.0,0.0
2062,2013-08,-10.0,0.0
2063,2013-08,10.0,0.0
2064,2013-08,1.0,0.37440353865446957
2065,2013-08,10.0,0.0
2066,2013-08,10.0,0.0
2067,2013-08,-10.0,0.0
2068,2013-08,-10.0,0.0
2069,2013-08,-10.0,0.0
2070,2013-08,-10.0,0.0
2071,2013-08,-10.0,0.0
2072,2013-08,-10.0,0.0
2073,2013-08,-10.0,0.0
2074,2013-08,-10.0,0.0
2075,2013-08,-10.0,0.0
2076,2013-08,-10.0,0.0
2077,2013-08,-10.0,0.0
2078,2013-08,-10.0,0.0
2079,2013-08,-10.0,0.0
2080,2013-08,-10.0,0.0
2081,2013-08,-10.0,0.0
2082,2013-08,-10.0,0.0
2083,2013-08,-10.0,0.0
2084,2013-08,-10.0,0.0
2085,2013-08,5.0,0.0
2086,2013-08,10.0,0.0
2087,2013-08,3.0,0.0
2088,2013-08,-10.0,0.0
2089,2013-08,-10.0,0.0
2090,2013-08,-10.0,0.0
2091,2013-08,-10.0,0.0
2092,2013-08,-10.0,0.0
2093,2013-08,-10.0,0.0
2094,2013-08,-10.0,0.0
2095,2013-08,-10.0,0.0
2096,2013-08,-10.0,0.0
2097,2013-08,-10.0,0.0
2098,2013-08,-10.0,0.0
2099,2013-08,-10.0,0.0
2100,2013-08,-10.0,0.0
2101,2013-08,-10.0,0.0
2102,2013-08,-10.0,0.0
2103,2013-08,-10.0,0.0
2104,2013-08,-10.0,0.0
2105,2013-08,-10.0,0.0
2106,2013-08,1.0,0.19661688992608636
2107,2013-08,5.0,0.0
2108,2013-08,1.0,0.18860322465248958
2109,2013-08,10.0,0.0
2110,2013-08,1.0,0.21697264293410803
2111,2013-08,3.0,0.0
2112,2013-08,-10.0,0.0
2113,2013-08,-10.0,0.0
2114,2013-08,-10.0,0.0
2115,2013-08,-10.0,0.0
2116,2013-08,-10.0,0.0
2117,2013-08,-10.0,0.0
2118,2013-08,-10.0,0.0
2119,2013-08,-10.0,0.0
2120,2013-08,-10.0,0.0
2121,2013-08,-10.0,0.0
2122,2013-08,-10.0,0.0
2123,2013-08,-10.0,0.0
2124,2013-08,10.0,0.0
2125,2013-08,-10.0,0.0
2126,2013-08,-10.0,0.0
2127,2013-08,-10.0,0.0
2128,2013-08,-10.0,0.0
2129,2013-08,-10.0,0.0
2130,2013-08,-10.0,0.0
2131,2013-08,-10.0,0.0
2132,2013-08,-10.0,0.0
2133,2013-08,-10.0,0.0
2134,2013-08,-10.0,0.0
2135,2013-08,-10.0,0.0
2136,2013-08,-10.0,0.0
2137,2013-08,-10.0,0.0
2138,2013-08,-10.0,0.0
2139,2013-08,-10.0,0.0
2140,2013-08,10.0,0.0
2141,2013-08,-10.0,0.0
2142,2013-08,-10.0,0.0
2143,2013-08,-10.0,0.0
2144,2013-08,-10.0,0.0
2145,2013-08,-10.0,0.0
2146,2013-08,-10.0,0.0
2147,2013-08,-10.0,0.0
2148,2013-08,-10.0,0.0
2149,2013-08,-10.0,0.0
2150,2013-08,-10.0,0.0
2151,2013-08,-10.0,0.0
2152,2013-08,-10.0,0.0
2153,2013-08,-10.0,0.0
2154,2013-08,-10.0,0.0
2155,2013-08,-10.0,0.0
2156,2013-08,1.0,0.15255499232601313
2157,2013-08,-10.0,0.0
2158,2013-08,-10.0,0.0
2159,2013-08,-10.0,0.0
2160,2013-08,-10.0,0.0
2161,2013-08,-10.0,0.0
2162,2013-08,-10.0,0.0
2163,2013-08,-10.0,0.0
2164,2013-08,-10.0,0.0
2165,2013-08,-10.0,0.0
2166,2013-08,-10.0,0.0
2167,2013-08,-10.0,0.0
2168,2013-08,-10.0,0.0
2169,2013-08,-10.0,0.0
2170,2013-08,-10.0,0.0
2171,2013-08,-10.0,0.0
2172,2013-08,-10.0,0.0
2173,2013-08,-10.0,0.0
2174,2013-08,1.0,0.19558521867410072
2175,2013-08,1.0,0.19324753390291893
2176,2013-08,1.0,0.19340773598439728
2177,2013-08,1.0,0.172094799290071
2178,2013-08,3.0,0.0
2179,2013-08,1.0,0.1648781156213005
2180,2013-08,-10.0,0.0
2181,2013-08,1.0,0.1682310448608293
2182,2013-08,-10.0,0.0
2183,2013-08,-10.0,0.0
2184,2013-08,-10.0,0.0
2185,2013-08,-10.0,0.0
2186,2013-08,-10.0,0.0
2187,2013-08,-10.0,0.0
2188,2013-08,-10.0,0.0
2189,2013-08,-10.0,0.0
2190,2013-08,-10.0,0.0
2191,2013-08,-10.0,0.0
2192,2013-08,-10.0,0.0
2193,2013-08,-10.0,0.0
2194,2013-08,-10.0,0.0
2195,2013-08,-10.0,0.0
2196,2013-08,-10.0,0.0
2197,2013-08,-10.0,0.0
2198,2013-08,1.0,0.15981032778315488
2199,2013-08,1.0,0.15747264301197306
2200,2013-08,-10.0,0.0
2201,2013-08,1.0,0.1576328450934514
2202,2013-08,1.0,0.13631990839912514
2203,2013-08,1.0,0.13711689000395139
2204,2013-08,1.0,0.12910322473035463
2205,2013-08,-10.0,0.0
2206,2013-08,-10.0,0.0
2207,2013-08,-10.0,0.0
2208,2013-08,-10.0,0.0
2209,2013-08,-10.0,0.0
2210,2013-08,-10.0,0.0
2211,2013-08,-10.0,0.0
2212,2013-08,-10.0,0.0
2213,2013-08,-10.0,0.0
2214,2013-08,-10.0,0.0
2215,2013-08,-10.0,0.0
2216,2013-08,-10.0,0.0
2217,2013-08,-10.0,0.0
2218,2013-08,-10.0,0.0
2219,2013-08,-10.0,0.0
2220,2013-08,1.0,0.20602455455578897
2221,2013-08,1.0,0.20368686978460715
2222,2013-08,1.0,0.20384707186608553
2223,2013-08,-10.0,0.0
2224,2013-08,-10.0,0.0
2225,2013-08,-10.0,0.0
2226,2013-08,-10.0,0.0
2227,2013-08,-10.0,0.0
2228,2013-08,-10.0,0.0
2229,2013-08,-10.0,0.0
2230,2013-08,-10.0,0.0
2231,2013-08,-10.0,0.0
2232,2013-08,-10.0,0.0
2233,2013-08,-10.0,0.0
2234,2013-08,-10.0,0.0
2235,2013-08,-10.0,0.0
2236,2013-08,-10.0,0.0
2237,2013-08,-10.0,0.0
2238,2013-08,-10.0,0.0
2239,2013-08,1.0,0.20978791986475967
2240,2013-08,-10.0,0.0
2241,2013-08,1.0,0.20745023509357785
2242,2013-08,-10.0,0.0
2243,2013-08,-10.0,0.0
2244,2013-08,-10.0,0.0
2245,2013-08,-10.0,0.0
2246,2013-08,-10.0,0.0
2247,2013-08,-10.0,0.0
2248,2013-08,-10.0,0.0
2249,2013-08,-10.0,0.0
2250,2013-08,-10.0,0.0
2251,2013-08,-10.0,0.0
2252,2013-08,-10.0,0.0
2253,2013-08,-10.0,0.0
2254,2013-08,-10.0,0.0
2255,2013-08,-10.0,0.0
2256,2013-08,1.0,0.18769702591912596
2257,2013-08,1.0,0.20380528577250362
2258,2013-08,1.0,0.20586381692951414
2259,2013-08,1.0,0.20910712255879413
2260,2013-08,-10.0,0.0
2261,2013-08,-10.0,0.0
2262,2013-08,-10.0,0.0
2263,2013-08,-10.0,0.0
2264,2013-08,-10.0,0.0
2265,2013-08,-10.0,0.0
2266,2013-08,-10.0,0.0
2267,2013-08,-10.0,0.0
2268,2013-08,-10.0,0.0
2269,2013-08,-10.0,0.0
2270,2013-08,-10.0,0.0
2271,2013-08,-10.0,0.0
2272,2013-08,-10.0,0.0
2273,2013-08,-10.0,0.0
2274,2013-08,-10.0,0.0
2275,2013-08,-10.0,0.0
2276,2013-08,1.0,0.18733007922768904
2277,2013-08,1.0,0.17230889950157008
2278,2013-08,1.0,0.1743674306585806
2279,2013-08,1.0,0.1776107362878606
2280,2013-08,-10.0,0.0
2281,2013-08,-10.0,0.0
2282,2013-08,-10.0,0.0
2283,2013-08,-10.0,0.0
2284,2013-08,-10.0,0.0
2285,2013-08,-10.0,0.0
2286,2013-08,-10.0,0.0
2287,2013-08,-10.0,0.0
2288,2013-08,-10.0,0.0
2289,2013-08,-10.0,0.0
2290,2013-08,-10.0,0.0
2291,2013-08,-10.0,0.0
2292,2013-08,-10.0,0.0
2293,2013-08,-10.0,0.0
2294,2013-08,-10.0,0.0
2295,2013-08,-10.0,0.0
2296,2013-08,-10.0,0.0
2297,2013-08,1.0,0.18725149021272947
2298,2013-08,1.0,0.17428884164362105
2299,2013-08,1.0,0.16892957185831123
2300,2013-08,1.0,0.17753214727290104
2301,2013-08,-10.0,0.0
2302,2013-08,-10.0,0.0
2303,2013-08,-10.0,0.0
2304,2013-08,-10.0,0.0
2305,2013-08,-10.0,0.0
2306,2013-08,-10.0,0.0
2307,2013-08,-10.0,0.0
2308,2013-08,-10.0,0.0
2309,2013-08,-10.0,0.0
2310,2013-08,-10.0,0.0
2311,2013-08,-10.0,0.0
2312,2013-08,-10.0,0.0
2313,2013-08,-10.0,0.0
2314,2013-08,-10.0,0.0
2315,2013-08,-10.0,0.0
2316,2013-08,-10.0,0.0
2317,2013-08,-10.0,0.0
2318,2013-08,1.0,0.16830871090075003
2319,2013-08,1.0,0.14998679254633174
2320,2013-08,1.0,0.15328753117463106
2321,2013-08,1.0,0.15858936796092157
2322,2013-08,-10.0,0.0
2323,2013-08,-10.0,0.0
2324,2013-08,-10.0,0.0
2325,2013-08,-10.0,0.0
2326,2013-08,-10.0,0.0
2327,2013-08,-10.0,0.0
2328,2013-08,-10.0,0.0
2329,2013-08,-10.0,0.0
2330,2013-08,-10.0,0.0
2331,2013-08,-10.0,0.0
2332,2013-08,-10.0,0.0
2333,2013-08,-10.0,0.0
2334,2013-08,-10.0,0.0
2335,2013-08,-10.0,0.0
2336,2013-08,-10.0,0.0
2337,2013-08,-10.0,0.0
2338,2013-08,-10.0,0.0
2339,2013-08,-10.0,0.0
2340,2013-08,1.0,0.2201291764435381
2341,2013-08,1.0,0.20510799671741914
2342,2013-08,1.0,0.2018072580891198
2343,2013-08,1.0,0.20716652787442966
2344,2013-08,-10.0,0.0
2345,2013-08,-10.0,0.0
2346,2013-08,-10.0,0.0
2347,2013-08,-10.0,0.0
2348,2013-08,-10.0,0.0
2349,2013-08,-10.0,0.0
2350,2013-08,-10.0,0.0
2351,2013-08,-10.0,0.0
2352,2013-08,-10.0,0.0
2353,2013-08,-10.0,0.0
2354,2013-08,-10.0,0.0
2355,2013-08,-10.0,0.0
2356,2013-08,-10.0,0.0
2357,2013-08,-10.0,0.0
2358,2013-08,-10.0,0.0
2359,2013-08,-10.0,0.0
2360,2013-08,1.0,0.22836305685543543
2361,2013-08,1.0,0.22511975122615543
2362,2013-08,1.0,0.21976048144084562
2363,2013-08,1.0,0.22306122006914494
2364,2013-08,2.0,0.0
2365,2013-08,1.0,0.1933829532465472
2366,2013-08,1.0,0.230443379599797
2367,2013-08,1.0,0.22810569482861517
2368,2013-08,1.0,0.22826589691009355
2369,2013-08,1.0,0.20695296021576723
2370,2013-08,1.0,0.2077499418205935
2371,2013-08,1.0,0.19973627654699677
2372,2013-08,1.0,0.20308920578652553
2373,2013-08,1.0,0.20445623924719591
2374,2013-08,1.0,0.2013577107936607
2375,2013-08,-10.0,0.0
2376,2013-08,1.0,0.21793078266949523
2377,2013-08,-10.0,0.0
2378,2013-08,-10.0,0.0
2379,2013-08,-10.0,0.0
2380,2013-08,-10.0,0.0
2381,2013-08,-10.0,0.0
2382,2013-08,-10.0,0.0
2383,2013-08,-10.0,0.0
2384,2013-08,-10.0,0.0
2385,2013-08,-10.0,0.0
2386,2013-08,-10.0,0.0
2387,2013-08,-10.0,0.0
2388,2013-08,-10.0,0.0
2389,2013-08,-10.0,0.0
2390,2013-08,-10.0,0.0
2391,2013-08,-10.0,0.0
2392,2013-08,-10.0,0.0
2393,2013-08,1.0,0.22555296159449656
2394,2013-08,1.0,0.20791401440549348
2395,2013-08,1.0,0.22230965596521657
2396,2013-08,1.0,0.21695038617990675
2397,2013-08,1.0,0.22025112480820608
2398,2013-08,1.0,0.23527230453432502
2399,2013-08,-10.0,0.0
2400,2013-08,-10.0,0.0
2401,2013-08,-10.0,0.0
2402,2013-08,-10.0,0.0
2403,2013-08,-10.0,0.0
2404,2013-08,-10.0,0.0
2405,2013-08,-10.0,0.0
2406,2013-08,-10.0,0.0
2407,2013-08,-10.0,0.0
2408,2013-08,-10.0,0.0
2409,2013-08,-10.0,0.0
2410,2013-08,-10.0,0.0
2411,2013-08,-10.0,0.0
2412,2013-08,-10.0,0.0
2413,2013-08,1.0,0.12666720156609698
2414,2013-08,1.0,0.10902825437709386
2415,2013-08,1.0,0.12342389593681699
2416,2013-08,1.0,0.11806462615150716
2417,2013-08,5.0,0.0
2418,2013-08,1.0,0.13638654450592544
2419,2013-08,3.0,0.0
2420,2013-08,-10.0,0.0
2421,2013-08,-10.0,0.0
2422,2013-08,-10.0,0.0
2423,2013-08,-10.0,0.0
2424,2013-08,-10.0,0.0
2425,2013-08,-10.0,0.0
2426,2013-08,-10.0,0.0
2427,2013-08,-10.0,0.0
2428,2013-08,-10.0,0.0
2429,2013-08,-10.0,0.0
2430,2013-08,-10.0,0.0
2431,2013-08,-10.0,0.0
2432,2013-08,-10.0,0.0
2433,2013-08,-10.0,0.0
2434,2013-08,-10.0,0.0
2435,2013-08,-10.0,0.0
2436,2013-08,-10.0,0.0
2437,2013-08,-10.0,0.0
2438,2013-08,1.0,0.19101401039938679
2439,2013-08,1.0,0.27709897952319257
2440,2013-08,-10.0,0.0
2441,2013-08,-10.0,0.0
2442,2013-08,-10.0,0.0
2443,2013-08,-10.0,0.0
2444,2013-08,1.0,0.12571401736285287
2445,2013-08,1.0,0.13614629154879307
2446,2013-08,1.0,0.11850734435978993
2447,2013-08,5.0,0.0
2448,2013-08,3.0,0.0
2449,2013-08,6.0,0.0
2450,2013-08,-10.0,0.0
2451,2013-08,-10.0,0.0
2452,2013-08,-10.0,0.0
2453,2013-08,-10.0,0.0
2454,2013-08,-10.0,0.0
2455,2013-08,-10.0,0.0
2456,2013-08,-10.0,0.0
2457,2013-08,-10.0,0.0
2458,2013-08,-10.0,0.0
2459,2013-08,-10.0,0.0
2460,2013-08,-10.0,0.0
2461,2013-08,-10.0,0.0
2462,2013-08,-10.0,0.0
2463,2013-08,-10.0,0.0
2464,2013-08,-10.0,0.0
2465,2013-08,-10.0,0.0
2466,2013-08,-10.0,0.0
2467,2013-08,1.0,0.7053396551466989
2468,2013-08,1.0,0.609266847419433
2469,2013-08,1.0,0.5926184847178699
2470,2013-08,-10.0,0.0
2471,2013-08,-10.0,0.0
2472,2013-08,-10.0,0.0
2473,2013-08,-10.0,0.0
2474,2013-08,-10.0,0.0
2475,2013-08,1.0,0.6016145551464286
2476,2013-08,-10.0,0.0
2477,2013-08,1.0,0.7705444840013509
2478,2013-08,1.0,0.665569400553526
2479,2013-08,1.0,0.5905715632955778
2480,2013-08,1.0,0.6060616029878558
2481,2013-08,2.0,0.28554505566058846
2482,2013-08,1.0,0.7828888808271228
2483,2013-08,1.0,0.6433497127809809
2484,2013-08,1.0,0.802768169807788
2485,2013-08,1.0,0.5493115214979537
2486,2013-08,1.0,0.5880684636776973
2487,2013-08,-5.0,0.0
2488,2013-08,-10.0,0.0
2489,2013-08,1.0,0.676369494145022
2490,2013-08,2.0,0.4729788265752921
2491,2013-08,1.0,0.6506967387037521
2492,2013-08,2.0,0.22575347636935292
2493,2013-08,1.0,0.8192905013681507
2494,2013-08,2.0,0.28667634690908456
2495,2013-08,2.0,0.38666987112082546
2496,2013-08,1.0,0.6738237404370352
2497,2013-08,2.0,0.5503930624465737
2498,2013-08,1.0,0.7566299076868951
2499,2013-08,1.0,0.6234207880428125
2500,2013-08,1.0,0.7855450556604748
2501,2013-08,2.0,0.28702741094733836
2502,2013-08,1.0,0.7980091734533367
2503,2013-08,5.0,0.0
2504,2013-08,3.0,0.0
2505,2013-08,2.0,0.21068539900461614
2506,2013-08,4.0,0.0
2507,2013-08,2.0,0.45533719431704833
2508,2013-08,1.0,0.6271114422921951
2509,2013-08,3.0,0.1307362164692328
2510,2013-08,1.0,0.6000188966871459
2511,2013-08,1.0,0.4713271231499454
2512,2013-08,3.0,0.1758162273796657
2513,2013-08,1.0,0.8204717486069204
2514,2013-08,1.0,0.7231145723127778
2515,2013-08,3.0,0.1196654668408731
2516,2013-08,4.0,0.0
2517,2013-08,1.0,0.6514865959328814
2518,2013-08,2.0,0.2266754901509366
2519,2013-08,1.0,0.5857730118923122
2520,2013-08,2.0,0.46329063246708335
2521,2013-08,2.0,0.2558609725784373
2522,2013-08,7.0,0.0
2523,2013-08,2.0,0.3793152301875436
2524,2013-08,1.0,0.5236967920712385
2525,2013-08,2.0,0.4615906838658276
2526,2013-08,8.0,0.0
2527,2013-08,1.0,0.7303693937653226
2528,2013-08,3.0,0.10355337107342164
2529,2013-08,2.0,0.35886693961509586
2530,2013-08,1.0,0.8336390759788966
2531,2013-08,3.0,0.0728036411195675
2532,2013-08,5.0,0.0
2533,2013-08,1.0,0.7542176571059834
2534,2013-08,5.0,0.0
2535,2013-08,5.0,0.0
2536,2013-08,1.0,0.6899893431367402
2537,2013-08,4.0,0.0
2538,2013-08,1.0,0.8440256392096029
2539,2013-08,2.0,0.3188712748366368
2540,2013-08,3.0,0.1588866434002668
2541,2013-08,1.0,0.6803186057418639
2542,2013-08,2.0,0.20558993888479152
2543,2013-08,-10.0,0.0
2544,2013-08,-7.0,0.0
2545,2013-08,-3.0,0.0
2546,2013-08,-1.0,0.40859213137530975
2547,2013-08,1.0,0.4061775531255843
2548,2013-08,1.0,0.3672189607448838
2549,2013-08,-3.0,0.0
2550,2013-08,1.0,0.08280327434614536
2551,2013-08,1.0,0.1977989495330914
2552,2013-08,1.0,0.2755804022435364
2553,2013-08,1.0,0.09667914239203973
2554,2013-08,-10.0,0.0
2555,2013-08,-1.0,0.7583194743475183
2556,2013-08,-10.0,0.0
2557,2013-08,-10.0,0.0
2558,2013-08,-10.0,0.0
2559,2013-08,-5.0,0.0
2560,2013-08,1.0,0.14005661176815176
2561,2013-08,1.0,0.17477935335021977
2562,2013-08,-10.0,0.0
2563,2013-08,-10.0,0.0
2564,2013-08,-10.0,0.0
2565,2013-08,-10.0,0.0
2566,2013-08,-10.0,0.0
2567,2013-08,-10.0,0.0
2568,2013-08,-10.0,0.0
2569,2013-08,-10.0,0.0
2570,2013-08,-10.0,0.0
2571,2013-08,-10.0,0.0
2572,2013-08,-10.0,0.0
2573,2013-08,-10.0,0.0
2574,2013-08,-10.0,0.0
2575,2013-08,-10.0,0.0
2576,2013-08,-10.0,0.0
2577,2013-08,-10.0,0.0
2578,2013-08,-10.0,0.0
2579,2013-08,-10.0,0.0
2580,2013-08,1.0,0.195598610515853
2581,2013-08,1.0,0.20562986490718255
2582,2013-08,1.0,0.21606213909312277
2583,2013-08,1.0,0.21281883346384275
2584,2013-08,1.0,0.20745956367853297
2585,2013-08,1.0,0.2107603023068323
2586,2013-08,1.0,0.2257814820329512
2587,2013-08,3.0,0.0
2588,2013-08,5.0,0.0
2589,2013-08,10.0,0.0
2590,2013-08,1.0,0.2159649791477809
2591,2013-08,1.0,0.1946520424534546
2592,2013-08,4.0,0.0
2593,2013-08,10.0,0.0
2594,2013-08,1.0,0.19078828802421288
2595,2013-08,1.0,0.19215532148488326
2596,2013-08,1.0,0.18905679303134804
2597,2013-08,-10.0,0.0
2598,2013-08,-10.0,0.0
2599,2013-08,-10.0,0.0
2600,2013-08,-10.0,0.0
2601,2013-08,-10.0,0.0
2602,2013-08,-10.0,0.0
2603,2013-08,-10.0,0.0
2604,2013-08,-10.0,0.0
2605,2013-08,-10.0,0.0
2606,2013-08,-10.0,0.0
2607,2013-08,-10.0,0.0
2608,2013-08,-10.0,0.0
2609,2013-08,-10.0,0.0
2610,2013-08,-10.0,0.0
2611,2013-08,-10.0,0.0
2612,2013-08,-10.0,0.0
2613,2013-08,-10.0,0.0
2614,2013-08,-10.0,0.0
2615,2013-08,-10.0,0.0
2616,2013-08,-10.0,0.0
2617,2013-08,-10.0,0.0
2618,2013-08,-10.0,0.0
2619,2013-08,-10.0,0.0
2620,2013-08,1.0,0.2498409039457401
2621,2013-08,1.0,0.29056370412761223
2622,2013-08,1.0,0.28571974662473987
2623,2013-08,-10.0,0.0
2624,2013-08,1.0,0.47269039042469274
2625,2013-08,-10.0,0.0
2626,2013-08,-10.0,0.0
2627,2013-08,1.0,0.5645631643437818
2628,2013-08,2.0,0.34516070998517134
2629,2013-08,1.0,0.44786938311311686
2630,2013-08,1.0,0.433028849882201
2631,2013-08,1.0,0.6119301097336977
2632,2013-08,1.0,0.6109833359789281
2633,2013-08,3.0,0.0
2634,2013-08,-10.0,0.0
2635,2013-08,10.0,0.0
2636,2013-08,5.0,0.0
2637,2013-08,-10.0,0.0
2638,2013-08,1.0,0.5540606296966415
2639,2013-08,-10.0,0.0
2640,2013-08,1.0,0.5306147448965502
2641,2013-08,-10.0,0.0
2642,2013-08,-10.0,0.0
2643,2013-08,-10.0,0.0
2644,2013-08,-10.0,0.0
2645,2013-08,-10.0,0.0
2646,2013-08,-10.0,0.0
2647,2013-08,-10.0,0.0
2648,2013-08,7.0,0.0
2649,2013-08,-10.0,0.0
2650,2013-08,-10.0,0.0
2651,2013-08,6.0,0.0
2652,2013-08,-10.0,0.0
2653,2013-08,-10.0,0.0
2654,2013-08,1.0,0.18053489172635978
2655,2013-08,1.0,0.1905661461176893
2656,2013-08,-10.0,0.0
2657,2013-08,-10.0,0.0
2658,2013-08,-10.0,0.0
2659,2013-08,-10.0,0.0
2660,2013-08,-10.0,0.0
2661,2013-08,-10.0,0.0
2662,2013-08,-10.0,0.0
2663,2013-08,-10.0,0.0
2664,2013-08,-10.0,0.0
2665,2013-08,-10.0,0.0
2666,2013-08,-10.0,0.0
2667,2013-08,-10.0,0.0
2668,2013-08,-10.0,0.0
2669,2013-08,-10.0,0.0
2670,2013-08,1.0,0.023148762272745555
2671,2013-08,-10.0,0.0
2672,2013-08,-10.0,0.0
2673,2013-08,-10.0,0.0
2674,2013-08,-10.0,0.0
2675,2013-08,-10.0,0.0
2676,2013-08,-10.0,0.0
2677,2013-08,-10.0,0.0
2678,2013-08,-10.0,0.0
2679,2013-08,-10.0,0.0
2680,2013-08,-10.0,0.0
2681,2013-08,-10.0,0.0
2682,2013-08,-10.0,0.0
2683,2013-08,-10.0,0.0
2684,2013-08,-10.0,0.0
2685,2013-08,-10.0,0.0
2686,2013-08,-10.0,0.0
2687,2013-08,-10.0,0.0
2688,2013-08,-10.0,0.0
2689,2013-08,1.0,0.3076578397691607
2690,2013-08,-10.0,0.0
2691,2013-08,2.0,0.0
2692,2013-08,2.0,0.0
2693,2013-08,1.0,0.3516007273035621
2694,2013-08,2.0,0.0
2695,2013-08,1.0,0.30701739736614314
2696,2013-08,-10.0,0.0
2697,2013-08,-10.0,0.0
2698,2013-08,-10.0,0.0
2699,2013-08,-10.0,0.0
2700,2013-08,-10.0,0.0
2701,2013-08,-10.0,0.0
2702,2013-08,1.0,0.3604323412582678
2703,2013-08,1.0,0.40244927323074914
2704,2013-08,-10.0,0.0
2705,2013-08,-10.0,0.0
2706,2013-08,-10.0,0.0
2707,2013-08,-10.0,0.0
2708,2013-08,-10.0,0.0
2709,2013-08,-10.0,0.0
2710,2013-08,-10.0,0.0
2711,2013-08,-10.0,0.0
2712,2013-08,-10.0,0.0
2713,2013-08,-10.0,0.0
2714,2013-08,-10.0,0.0
2715,2013-08,-10.0,0.0
2716,2013-08,-10.0,0.0
2717,2013-08,-10.0,0.0
2718,2013-08,1.0,0.0360258031064328
2719,2013-08,1.0,0.058807518456125314
2720,2013-08,-10.0,0.0
2721,2013-08,-5.0,0.0
2722,2013-08,-10.0,0.0
2723,2013-08,-10.0,0.0
2724,2013-08,-10.0,0.0
2725,2013-08,-10.0,0.0
2726,2013-08,-10.0,0.0
2727,2013-08,-10.0,0.0
2728,2013-08,-10.0,0.0
2729,2013-08,1.0,0.5567640409301343
2730,2013-08,1.0,0.4493023666604059
2731,2013-08,1.0,0.38119006535260136
2732,2013-08,5.0,0.0
2733,2013-08,-10.0,0.0
2734,2013-08,-10.0,0.0
2735,2013-08,1.0,0.10117520954599929
2736,2013-08,-10.0,0.0
2737,2013-08,1.0,0.2755804022435364
2738,2013-08,-10.0,0.0
2739,2013-08,1.0,0.36034918352272494
2740,2013-08,-10.0,0.0
2741,2013-08,-10.0,0.0
2742,2013-08,1.0,0.10117520954599929
2743,2013-08,-10.0,0.0
2744,2013-08,1.0,0.342883221562379
2745,2013-08,-10.0,0.0
2746,2013-08,1.0,0.342883221562379
2747,2013-08,-10.0,0.0
2748,2013-08,3.0,0.0
2749,2013-08,-10.0,0.0
2750,2013-08,-5.0,0.0
2751,2013-09,-1.0,0.7998644581827358
2752,2013-09,-5.0,0.0
2753,2013-09,-4.0,0.0
2754,2013-09,-10.0,0.0
2755,2013-09,1.0,0.5457841814824815
2756,2013-09,1.0,0.5551943858366623
2757,2013-09,1.0,0.5338880730900275
2758,2013-09,-5.0,0.0
2759,2013-09,-5.0,0.0
2760,2013-09,1.0,0.2727967867910395
2761,2013-09,1.0,3.7037227685445267e-13
2762,2013-09,-10.0,0.0
2763,2013-09,-10.0,0.0
2764,2013-09,1.0,0.3627982444980701
2765,2013-09,-10.0,0.0
2766,2013-09,-10.0,0.0
2767,2013-09,-10.0,0.0
2768,2013-09,5.0,0.0
2769,2013-09,-8.0,0.0
2770,2013-09,-10.0,0.0
2771,2013-09,1.0,0.6591133813813048
2772,2013-09,1.0,0.5143523948346128
2773,2013-09,1.0,0.4818159378846489
2774,2013-09,1.0,0.6702835718785901
2775,2013-09,1.0,0.5610812236661797
2776,2013-09,2.0,0.29617352392662116
2777,2013-09,-10.0,0.0
2778,2013-09,-10.0,0.0
2779,2013-09,-7.0,0.0
2780,2013-09,-10.0,0.0
2781,2013-09,1.0,0.5391752741071959
2782,2013-09,-10.0,0.0
2783,2013-09,5.0,0.0
2784,2013-09,1.0,0.7701903537448417
2785,2013-09,1.0,0.5593922659148597
2786,2013-09,2.0,0.26761671771902495
2787,2013-09,2.0,0.0
2788,2013-09,-8.0,0.0
2789,2013-09,-8.0,0.0
2790,2013-09,-10.0,0.0
2791,2013-09,1.0,0.583670414315562
2792,2013-09,-1.0,0.9999999999996588
2793,2013-09,-10.0,0.0
2794,2013-09,-10.0,0.0
2795,2013-09,-10.0,0.0
2796,2013-09,-10.0,0.0
2797,2013-09,-10.0,0.0
2798,2013-09,-10.0,0.0
2799,2013-09,1.0,0.5067468997861692
2800,2013-09,1.0,0.4299175269247767
2801,2013-09,1.0,0.46097247664832336
2802,2013-09,1.0,0.499783439425668
2803,2013-09,3.0,0.0
2804,2013-09,-10.0,0.0
2805,2013-09,-10.0,0.0
2806,2013-09,1.0,0.4273084487615315
2807,2013-10,-10.0,0.0
2808,2013-10,-1.0,0.42979911058231435
2809,2013-10,-1.0,0.47430120567043144
2810,2013-10,-10.0,0.0
2811,2013-10,-10.0,0.0
2812,2013-10,-5.0,0.0
2813,2013-10,-10.0,0.0
2814,2013-10,-10.0,0.0
2815,2013-10,1.0,0.32209693842632137
2816,2013-10,1.0,0.4390581097609347
2817,2013-10,1.0,0.40903052683577246
2818,2013-10,1.0,0.4125628728369863
2819,2013-10,1.0,0.4158765952130453
2820,2013-10,-5.0,0.0
2821,2013-10,1.0,0.4563288717688844
2822,2013-10,-10.0,0.0
2823,2013-10,-10.0,0.0
2824,2013-10,-1.0,0.5693089366966176
2825,2013-10,-10.0,0.0
2826,2013-10,-1.0,0.7753232202988931
2827,2013-10,1.0,0.48656601422560625
2828,2013-10,1.0,0.528070094826094
2829,2013-10,1.0,0.6201926838987022
2830,2013-10,2.0,0.19794477129874305
2831,2013-10,1.0,0.5809119364212254
2832,2013-10,-5.0,0.0
2833,2013-10,-1.0,0.484410262055421
2834,2013-10,-1.0,0.484410262055421
2835,2013-10,-1.0,0.484410262055421
2836,2013-10,-1.0,0.484410262055421
2837,2013-10,-1.0,0.484410262055421
2838,2013-10,-1.0,0.484410262055421
2839,2013-10,1.0,0.2746336284887667
2840,2013-10,1.0,0.15748878228086494
2841,2013-10,-10.0,0.0
2842,2013-11,-10.0,0.0
2843,2013-11,-10.0,0.0
2844,2013-11,-10.0,0.0
2845,2013-11,-10.0,0.0
2846,2013-11,-1.0,0.4453530104402948
2847,2013-11,-10.0,0.0
2848,2013-11,-10.0,0.0
2849,2013-11,-10.0,0.0
2850,2013-11,-10.0,0.0
2851,2013-11,-10.0,0.0
2852,2013-11,-10.0,0.0
2853,2013-11,-9.0,0.0
2854,2013-11,-10.0,0.0
2855,2013-11,-1.0,0.7076371494801698
2856,2013-11,-10.0,0.0
2857,2013-11,-10.0,0.0
2858,2013-11,-10.0,0.0
2859,2013-11,-4.0,0.0
2860,2013-11,-10.0,0.0
2861,2013-11,-10.0,0.0
2862,2013-11,-10.0,0.0
2863,2013-11,-10.0,0.0
2864,2013-11,-10.0,0.0
2865,2013-11,-10.0,0.0
2866,2013-11,-10.0,0.0
2867,2013-11,1.0,0.254370526084953
2868,2013-11,1.0,0.10904943460185337
2869,2013-11,1.0,0.3190825386409082
2870,2013-11,-10.0,0.0
2871,2013-11,-10.0,0.0
2872,2013-11,-10.0,0.0
2873,2013-11,1.0,0.34173173025165354
2874,2013-11,1.0,0.37332036561243703
2875,2013-11,1.0,0.34114589739634227
2876,2013-11,1.0,0.21360367723864204
2877,2013-11,1.0,0.35589951756641264
2878,2013-11,-8.0,0.0
2879,2013-11,-10.0,0.0
2880,2013-11,1.0,0.31408033950782066
2881,2013-11,1.0,0.42173409794162364
2882,2013-11,1.0,0.421234605629406
2883,2013-11,1.0,0.48336592715833043
2884,2013-11,-10.0,0.0
2885,2013-11,1.0,0.1943563961284226
2886,2013-11,1.0,0.18808566550805284
2887,2013-11,-10.0,0.0
2888,2013-11,1.0,0.40759005513452473
2889,2013-11,10.0,0.0
2890,2013-11,7.0,0.0
2891,2013-11,-10.0,0.0
2892,2013-11,-10.0,0.0
2893,2013-11,-1.0,0.40617223518328754
2894,2013-11,1.0,2.653253287167666e-35
2895,2013-11,1.0,0.2727967867910395
2896,2013-11,-10.0,0.0
2897,2013-11,-10.0,0.0
2898,2013-11,-5.0,0.0
2899,2013-11,1.0,0.1034491130093552
2900,2013-11,1.0,1.6989510058980245e-12
2901,2013-11,-10.0,0.0
2902,2013-11,-1.0,0.6766844939294616
2903,2013-11,-10.0,0.0
2904,2013-11,-10.0,0.0
2905,2013-11,-1.0,0.8300277595171995
2906,2013-11,-5.0,0.0
2907,2013-11,1.0,0.15748878228086494
2908,2013-11,1.0,2.5917782930059797e-20
2909,2013-11,-10.0,0.0
2910,2013-11,-8.0,0.0
2911,2013-11,-10.0,0.0
2912,2013-11,-10.0,0.0
2913,2013-11,-10.0,0.0
2914,2013-11,-10.0,0.0
2915,2013-11,-8.0,0.0
2916,2013-11,-5.0,0.0
2917,2013-11,2.0,0.23419434061543037
2918,2013-11,-1.0,0.8887839650582201
2919,2013-11,-10.0,0.0
2920,2013-11,-5.0,0.0
2921,2013-11,-10.0,0.0
2922,2013-11,1.0,0.23644911639650176
2923,2013-11,1.0,0.17191492079962634
2924,2013-11,1.0,0.14091591153408742
2925,2013-11,2.0,0.0
2926,2013-11,1.0,0.13696480999821606
2927,2013-11,1.0,0.1741629276282909
2928,2013-11,-10.0,0.0
2929,2013-11,-5.0,0.0
2930,2013-11,1.0,0.23787612509703565
2931,2013-11,1.0,0.12472841509511583
2932,2013-11,1.0,0.14234292023462133
2933,2013-11,4.0,0.0
2934,2013-11,3.0,0.0
2935,2013-11,1.0,0.1755899363288248
2936,2013-11,-10.0,0.0
2937,2013-11,-5.0,0.0
2938,2013-11,4.0,0.0
2939,2013-11,2.0,0.0
2940,2013-11,1.0,0.2065669780327104
2941,2013-11,2.0,0.0
2942,2013-11,3.0,0.0
2943,2013-11,2.0,0.0
2944,2013-11,-10.0,0.0
2945,2013-11,-5.0,0.0
2946,2013-11,1.0,0.18376773159344667
2947,2013-11,5.0,0.0
2948,2013-11,1.0,0.24830192719032207
2949,2013-11,3.0,0.0
2950,2013-11,1.0,0.1488176207920364
2951,2013-11,1.0,0.18601573842211122
2952,2013-11,-10.0,0.0
2953,2013-11,-5.0,0.0
2954,2013-11,1.0,0.14447917925265086
2955,2013-11,1.0,0.09586566484760643
2956,2013-11,1.0,0.20901337484952623
2957,2013-11,1.0,0.11348016998711195
2958,2013-11,2.0,0.0
2959,2013-11,-10.0,0.0
2960,2013-11,-5.0,0.0
2961,2013-11,-5.0,0.0
2962,2013-11,-10.0,0.0
2963,2013-11,-1.0,0.6562735080369473
2964,2013-11,-1.0,0.484410262055421
2965,2013-11,1.0,0.022139832416854188
2966,2013-11,-10.0,0.0
2967,2013-11,-3.0,0.0
2968,2013-11,1.0,0.4089376685582886
2969,2013-12,-10.0,0.0
2970,2013-12,-2.0,0.25960107280663974
2971,2013-12,-3.0,0.08638628711691915
2972,2013-12,-2.0,0.32243605879530507
2973,2013-12,-3.0,0.017278670657013905
2974,2013-12,-10.0,0.0
2975,2013-12,-10.0,0.0
2976,2013-12,-10.0,0.0
2977,2013-12,-10.0,0.0
2978,2013-12,-2.0,0.14241040235408717
2979,2013-12,-10.0,0.0
2980,2013-12,-10.0,0.0
2981,2013-12,1.0,0.5154309478349972
2982,2013-12,-10.0,0.0
2983,2013-12,-10.0,0.0
2984,2013-12,-10.0,0.0
2985,2013-12,1.0,0.5249414833221192
2986,2013-12,1.0,0.4804393882340022
2987,2013-12,10.0,0.0
2988,2013-12,-10.0,0.0
2989,2013-12,2.0,0.2912731094811092
2990,2013-12,1.0,0.5529978612610947
2991,2013-12,-2.0,0.11930465172656855
2992,2013-12,1.0,0.2269063120786337
2993,2013-12,-10.0,0.0
2994,2013-12,-10.0,0.0
2995,2013-12,10.0,0.0
2996,2013-12,-10.0,0.0
2997,2013-12,1.0,0.45303245232483497
2998,2013-12,1.0,0.4470499200562944
2999,2013-12,-10.0,0.0
3000,2013-12,-10.0,0.0
3001,2013-12,-10.0,0.0
3002,2013-12,-10.0,0.0
3003,2013-12,-10.0,0.0
3004,2013-12,-10.0,0.0
3005,2013-12,-10.0,0.0
3006,2013-12,-10.0,0.0
3007,2013-12,1.0,0.16314750034526837
3008,2013-12,1.0,0.2676648620339827
3009,2013-12,-10.0,0.0
3010,2013-12,-10.0,0.0
3011,2013-12,-10.0,0.0
3012,2013-12,-2.0,0.4062735080369473
3013,2013-12,-2.0,0.5752090121629722
3014,2013-12,5.0,0.0
3015,2013-12,-10.0,0.0
3016,2013-12,-10.0,0.0
3017,2013-12,-10.0,0.0
3018,2013-12,-10.0,0.0
3019,2013-12,-10.0,0.0
3020,2013-12,-10.0,0.0
3021,2013-12,-10.0,0.0
3022,2013-12,-9.0,0.0
3023,2013-12,-10.0,0.0
3024,2013-12,-10.0,0.0
3025,2013-12,-10.0,0.0
3026,2013-12,-10.0,0.0
3027,2013-12,-10.0,0.0
3028,2013-12,-10.0,0.0
3029,2013-12,-10.0,0.0
3030,2013-12,-10.0,0.0
3031,2013-12,-10.0,0.0
3032,2013-12,-10.0,0.0
3033,2013-12,-10.0,0.0
3034,2013-12,-10.0,0.0
3035,2013-12,-10.0,0.0
3036,2013-12,-10.0,0.0
3037,2013-12,-10.0,0.0
3038,2013-12,-10.0,0.0
3039,2013-12,-10.0,0.0
3040,2013-12,-10.0,0.0
3041,2013-12,-10.0,0.0
3042,2013-12,-10.0,0.0
3043,2013-12,-10.0,0.0
3044,2013-12,-10.0,0.0
3045,2013-12,-10.0,0.0
3046,2013-12,-10.0,0.0
3047,2013-12,-10.0,0.0
3048,2013-12,-10.0,0.0
3049,2013-12,-10.0,0.0
3050,2013-12,-10.0,0.0
3051,2013-12,-10.0,0.0
3052,2013-12,-10.0,0.0
3053,2013-12,-10.0,0.0
3054,2013-12,-10.0,0.0
3055,2013-12,-10.0,0.0
3056,2013-12,1.0,0.4534824573479558
3057,2013-12,1.0,0.45053789560532476
3058,2013-12,1.0,0.6501135198326756
3059,2013-12,1.0,0.3401462669864615
3060,2013-12,1.0,0.6019595352979479
3061,2013-12,-10.0,0.0
3062,2013-12,-10.0,0.0
3063,2013-12,-10.0,0.0
3064,2013-12,-10.0,0.0
3065,2013-12,-10.0,0.0
3066,2013-12,-10.0,0.0
3067,2013-12,-10.0,0.0
3068,2013-12,1.0,0.13356106737619522
3069,2013-12,-10.0,0.0
3070,2013-12,-2.0,0.3864884509209429
3071,2013-12,-2.0,0.443503932109365
3072,2013-12,1.0,0.12199416098749416
3073,2013-12,2.0,0.0
3074,2013-12,-10.0,0.0
3075,2013-12,-10.0,0.0
3076,2013-12,-2.0,0.398055357309644
3077,2013-12,-2.0,0.45507083849806595
3078,2013-12,-10.0,0.0
3079,2013-12,1.0,1.2576443325078428e-39
3080,2013-12,-10.0,0.0
3081,2013-12,1.0,6.376769122574111e-38
3082,2013-12,-10.0,0.0
3083,2013-12,-10.0,0.0
3084,2013-12,-10.0,0.0
3085,2013-12,-10.0,0.0
3086,2013-12,-10.0,0.0
3087,2013-12,-10.0,0.0
3088,2013-12,1.0,4.821099339951191e-43
3089,2013-12,-10.0,0.0
3090,2013-12,1.0,6.376769122574111e-38
3091,2013-12,-10.0,0.0
3092,2013-12,-10.0,0.0
3093,2013-12,-10.0,0.0
3094,2013-12,-10.0,0.0
3095,2013-12,-10.0,0.0
3096,2013-12,1.0,4.821099339951191e-43
3097,2013-12,-10.0,0.0
3098,2013-12,1.0,1.2576443325078428e-39
3099,2013-12,-10.0,0.0
3100,2013-12,-10.0,0.0
3101,2013-12,-10.0,0.0
3102,2013-12,-10.0,0.0
3103,2013-12,-10.0,0.0
3104,2013-12,-10.0,0.0
3105,2013-12,-10.0,0.0
3106,2013-12,-10.0,0.0
3107,2013-12,10.0,0.0
3108,2013-12,-10.0,0.0
3109,2013-12,-10.0,0.0
3110,2013-12,-10.0,0.0
3111,2013-12,-10.0,0.0
3112,2013-12,-10.0,0.0
3113,2013-12,10.0,0.0
3114,2013-12,-10.0,0.0
3115,2013-12,-10.0,0.0
3116,2013-12,-10.0,0.0
3117,2013-12,-10.0,0.0
3118,2013-12,10.0,0.0
3119,2013-12,-10.0,0.0
3120,2013-12,-10.0,0.0
3121,2013-12,-10.0,0.0
3122,2013-12,-10.0,0.0
3123,2013-12,10.0,0.0
3124,2013-12,-10.0,0.0
3125,2013-12,-10.0,0.0
3126,2013-12,-10.0,0.0
3127,2013-12,-10.0,0.0
3128,2013-12,10.0,0.0
3129,2013-12,-10.0,0.0
3130,2013-12,-10.0,0.0
3131,2013-12,-10.0,0.0
3132,2013-12,-10.0,0.0
3133,2013-12,-10.0,0.0
3134,2013-12,-10.0,0.0
3135,2013-12,-10.0,0.0
3136,2013-12,-10.0,0.0
3137,2013-12,-10.0,0.0
3138,2013-12,1.0,0.11487726649212628
3139,2013-12,-2.0,0.4062735080369473
3140,2013-12,-2.0,0.4632889892253694
3141,2013-12,-10.0,0.0
3142,2013-12,-10.0,0.0
3143,2013-12,1.0,0.23423998284976066
3144,2013-12,1.0,0.23872562072087497
3145,2013-12,-2.0,0.28691079167931294
3146,2013-12,-10.0,0.0
3147,2013-12,1.0,0.08826500537104724
3148,2013-12,-2.0,0.36214114155455374
3149,2013-12,-10.0,0.0
3150,2013-12,-10.0,0.0
3151,2013-12,-10.0,0.0
3152,2013-12,-10.0,0.0
3153,2013-12,-10.0,0.0
3154,2013-12,-1.0,0.9248445193383403
3155,2013-12,-2.0,0.4062735080369473
3156,2013-12,-2.0,0.4632889892253694
3157,2013-12,-1.0,0.8209430139165703
3158,2013-12,-1.0,0.8055346559768457
3159,2013-12,-10.0,0.0
3160,2013-12,-10.0,0.0
3161,2013-12,-10.0,0.0
3162,2013-12,1.0,0.6164041907985336
3163,2013-12,1.0,0.832183408718212
3164,2013-12,-10.0,0.0
3165,2013-12,1.0,0.6397759989245818
3166,2013-12,1.0,0.6462642737122904
3167,2013-12,1.0,0.5819066876703182
3168,2013-12,1.0,0.5450390738227605
3169,2013-12,1.0,0.6552151535758782
3170,2013-12,1.0,0.5721619493700378
3171,2013-12,1.0,0.6736801316000938
3172,2013-12,2.0,0.40155426299387925
3173,2013-12,1.0,0.7000691602163872
3174,2013-12,1.0,0.5836603167496237
3175,2013-12,3.0,0.06758131889897656
3176,2013-12,-10.0,0.0
3177,2013-12,1.0,0.5268833355602754
3178,2013-12,1.0,0.36420753927540667
3179,2013-12,1.0,0.3693175829145204
3180,2013-12,1.0,0.5120051772034373
3181,2013-12,1.0,0.4569514175914221
3182,2013-12,-2.0,0.21698695247950794
3183,2013-12,1.0,0.416179408635826
3184,2013-12,-10.0,0.0
3185,2013-12,-10.0,0.0
3186,2013-12,-2.0,0.31254701607389457
3187,2013-12,-2.0,0.31254701607389457
3188,2013-12,-10.0,0.0
3189,2013-12,-2.0,0.23441026205542093
3190,2013-12,10.0,0.0
3191,2013-12,10.0,0.0
3192,2013-12,-10.0,0.0
3193,2013-12,-2.0,0.2494708846743854
3194,2013-12,-10.0,0.0
3195,2013-12,-10.0,0.0
3196,2013-12,10.0,0.0
3197,2013-12,-10.0,0.0
3198,2013-12,-2.0,0.3977702288337449
3199,2013-12,-10.0,0.0
3200,2013-12,10.0,0.0
3201,2013-12,-2.0,0.4062735080369473
3202,2013-12,-10.0,0.0
3203,2013-12,-1.0,0.6562735080369473
3204,2013-12,-10.0,0.0
3205,2014-01,-10.0,0.0
3206,2014-01,-10.0,0.0
3207,2014-01,-10.0,0.0
3208,2014-01,-10.0,0.0
3209,2014-01,-2.0,0.31254701607389457
3210,2014-01,-2.0,0.4062735080369473
3211,2014-01,-10.0,0.0
3212,2014-01,-2.0,0.31254701607389457
3213,2014-01,-2.0,0.31254701607389457
3214,2014-01,-1.0,0.484410262055421
3215,2014-01,-2.0,0.31254701607389457
3216,2014-01,-10.0,0.0
3217,2014-01,-2.0,0.4062735080369473
3218,2014-01,-2.0,0.2826860707605894
3219,2014-01,-2.0,0.22296418013397884
3220,2014-01,-2.0,0.31254701607389457
3221,2014-01,-2.0,0.31254701607389457
3222,2014-01,-2.0,0.31254701607389457
3223,2014-01,-5.0,0.0
3224,2014-01,-2.0,0.31254701607389457
3225,2014-01,-2.0,0.31254701607389457
3226,2014-01,-10.0,0.0
3227,2014-01,-5.0,0.0
3228,2014-01,-1.0,0.6418654544689623
3229,2014-01,-2.0,0.3259603912516696
3230,2014-01,-2.0,0.31254701607389457
3231,2014-01,-2.0,0.31254701607389457
3232,2014-01,-2.0,0.31254701607389457
3233,2014-01,-2.0,0.31254701607389457
3234,2014-01,-1.0,0.484410262055421
3235,2014-01,-1.0,0.484410262055421
3236,2014-01,-1.0,0.484410262055421
3237,2014-01,-2.0,0.31254701607389457
3238,2014-01,-2.0,0.31254701607389457
3239,2014-01,-2.0,0.31254701607389457
3240,2014-01,-2.0,0.31254701607389457
3241,2014-01,-2.0,0.31254701607389457
3242,2014-01,-2.0,0.31254701607389457
3243,2014-01,-2.0,0.31254701607389457
3244,2014-01,-2.0,0.31254701607389457
3245,2014-01,-2.0,0.31254701607389457
3246,2014-01,-1.0,0.484410262055421
3247,2014-01,-2.0,0.3238853500600973
3248,2014-01,-2.0,0.31254701607389457
3249,2014-01,-2.0,0.4062735080369473
3250,2014-01,-10.0,0.0
3251,2014-01,-2.0,0.31254701607389457
3252,2014-01,-2.0,0.31254701607389457
3253,2014-01,-2.0,0.31254701607389457
3254,2014-01,-1.0,0.484410262055421
3255,2014-01,-2.0,0.29522878999579705
3256,2014-01,-2.0,0.26059233783960195
3257,2014-01,-1.0,0.6727260997605743
3258,2014-01,-2.0,0.4062735080369473
3259,2014-01,-10.0,0.0
3260,2014-01,-2.0,0.31254701607389457
3261,2014-01,-2.0,0.31254701607389457
3262,2014-02,-10.0,0.0
3263,2014-02,1.0,2.049371281489526e-37
3264,2014-02,-10.0,0.0
3265,2014-02,-10.0,0.0
3266,2014-02,1.0,0.450390193642769
3267,2014-02,2.0,0.39503792488801115
3268,2014-02,-10.0,0.0
3269,2014-02,-3.0,0.0
3270,2014-02,-2.0,0.1226806264924331
3271,2014-02,-2.0,0.31254701607389457
3272,2014-02,-2.0,0.31254701607389457
3273,2014-02,-2.0,0.31254701607389457
3274,2014-02,-10.0,0.0
3275,2014-02,1.0,0.060722312308185554
3276,2014-02,1.0,7.850623580990962e-13
3277,2014-02,-10.0,0.0
3278,2014-02,-10.0,0.0
3279,2014-02,-2.0,0.4062735080369473
3280,2014-02,-2.0,0.31254701607389457
3281,2014-02,-10.0,0.0
3282,2014-02,-10.0,0.0
3283,2014-02,-1.0,0.598948048941761
3284,2014-02,-10.0,0.0
3285,2014-02,-1.0,0.598948048941761
3286,2014-02,-10.0,0.0
3287,2014-02,-1.0,0.598948048941761
3288,2014-02,-10.0,0.0
3289,2014-02,-1.0,0.598948048941761
3290,2014-02,-10.0,0.0
3291,2014-02,-1.0,0.598948048941761
3292,2014-02,-10.0,0.0
3293,2014-02,-1.0,0.598948048941761
3294,2014-02,-10.0,0.0
3295,2014-02,-1.0,0.598948048941761
3296,2014-02,-10.0,0.0
3297,2014-02,-1.0,0.598948048941761
3298,2014-02,-10.0,0.0
3299,2014-02,-10.0,0.0
3300,2014-02,-1.0,0.598948048941761
3301,2014-02,-10.0,0.0
3302,2014-02,-1.0,0.598948048941761
3303,2014-02,1.0,0.3559432503419213
3304,2014-02,1.0,0.3234380286917366
3305,2014-02,2.0,0.0
3306,2014-02,-10.0,0.0
3307,2014-02,10.0,0.0
3308,2014-02,-10.0,0.0
3309,2014-02,10.0,0.0
3310,2014-02,-10.0,0.0
3311,2014-02,-1.0,0.484410262055421
3312,2014-02,-1.0,0.484410262055421
3313,2014-02,-1.0,0.484410262055421
3314,2014-02,-1.0,0.484410262055421
3315,2014-02,-1.0,0.484410262055421
3316,2014-02,-2.0,0.31254701607389457
3317,2014-02,-2.0,0.31254701607389457
3318,2014-02,-1.0,0.46070250143574176
3319,2014-02,-1.0,0.3658714589570252
3320,2014-02,-1.0,0.598948048941761
3321,2014-02,-10.0,0.0
3322,2014-02,-1.0,0.6941221933152644
3323,2014-02,-10.0,0.0
3324,2014-02,-10.0,0.0
3325,2014-02,-5.0,0.0
3326,2014-02,-1.0,0.484410262055421
3327,2014-02,-1.0,0.484410262055421
3328,2014-02,-1.0,0.484410262055421
3329,2014-02,-2.0,0.31254701607389457
3330,2014-02,-2.0,0.31254701607389457
3331,2014-02,-2.0,0.31254701607389457
3332,2014-02,1.0,0.21679878414271914
3333,2014-02,-10.0,0.0
3334,2014-02,-1.0,0.484410262055421
3335,2014-02,-1.0,0.484410262055421
3336,2014-02,-1.0,0.484410262055421
3337,2014-02,2.0,0.0
3338,2014-02,-10.0,0.0
3339,2014-02,-10.0,0.0
3340,2014-02,-10.0,0.0
3341,2014-03,-5.0,0.0
3342,2014-03,-10.0,0.0
3343,2014-03,-10.0,0.0
3344,2014-03,1.0,0.13774109210049032
3345,2014-03,-10.0,0.0
3346,2014-03,1.0,0.47688484693486993
3347,2014-03,1.0,0.692511656776152
3348,2014-03,-10.0,0.0
3349,2014-03,-10.0,0.0
3350,2014-03,-10.0,0.0
3351,2014-03,-10.0,0.0
3352,2014-03,2.0,0.3067097675076305
3353,2014-03,1.0,0.6049699302037711
3354,2014-03,1.0,0.48882975270846457
3355,2014-03,3.0,0.0054774791534509
3356,2014-03,1.0,0.7580999498544474
3357,2014-03,5.0,0.0
3358,2014-03,-1.0,0.4079086293495651
3359,2014-03,1.0,0.5308676058615185
3360,2014-03,-10.0,0.0
3361,2014-03,1.0,0.14179643990592436
3362,2014-03,-10.0,0.0
3363,2014-03,-1.0,0.44196411453624096
3364,2014-03,-10.0,0.0
3365,2014-03,-10.0,0.0
3366,2014-03,-5.0,0.0
3367,2014-03,-5.0,0.0
3368,2014-03,-2.0,0.31254701607389457
3369,2014-03,-5.0,0.0
3370,2014-03,-10.0,0.0
3371,2014-03,4.0,0.0
3372,2014-03,-10.0,0.0
3373,2014-03,-10.0,0.0
3374,2014-03,-10.0,0.0
3375,2014-03,-1.0,0.8502018164943121
3376,2014-03,-10.0,0.0
3377,2014-03,1.0,0.01975960958988701
3378,2014-03,-10.0,0.0
3379,2014-03,-10.0,0.0
3380,2014-03,-10.0,0.0
3381,2014-03,-2.0,0.4062735080369473
3382,2014-03,1.0,0.0777348505570083
3383,2014-03,1.0,0.038904566293050336
3384,2014-03,1.0,0.038904566293050336
3385,2014-03,-10.0,0.0
3386,2014-03,-10.0,0.0
3387,2014-03,-2.0,0.37709509839638905
3388,2014-03,-10.0,0.0
3389,2014-03,1.0,0.11855759924550117
3390,2014-03,-10.0,0.0
3391,2014-03,-2.0,0.3074755183813332
3392,2014-03,1.0,0.01975960958988701
3393,2014-03,-10.0,0.0
3394,2014-03,-10.0,0.0
3395,2014-03,-2.0,0.4062735080369473
3396,2014-03,-10.0,0.0
3397,2014-03,-2.0,0.47955899783782874
3398,2014-03,-2.0,0.41194267503004867
3399,2014-04,-10.0,0.0
3400,2014-04,-1.0,0.4858650705282539
3401,2014-04,-7.0,0.0
3402,2014-04,-10.0,0.0
3403,2014-04,-5.0,0.0
3404,2014-04,-8.0,0.0
3405,2014-04,-5.0,0.0
3406,2014-04,-5.0,0.0
3407,2014-04,-3.0,0.0
3408,2014-04,-10.0,0.0
3409,2014-04,-10.0,0.0
3410,2014-04,1.0,0.19611002520772816
3411,2014-04,2.0,0.0
3412,2014-04,-1.0,0.6511785277035548
3413,2014-04,-1.0,0.6216370558807522
3414,2014-04,-10.0,0.0
3415,2014-04,-8.0,0.0
3416,2014-04,-10.0,0.0
3417,2014-04,1.0,0.009839591849817203
3418,2014-04,-10.0,0.0
3419,2014-04,1.0,0.3321825609793045
3420,2014-04,1.0,0.2200081090602819
3421,2014-04,-5.0,0.0
3422,2014-04,-5.0,0.0
3423,2014-04,1.0,0.3204578091993189
3424,2014-04,-9.0,0.0
3425,2014-04,1.0,0.3200901160772166
3426,2014-04,-9.0,0.0
3427,2014-04,-5.0,0.0
3428,2014-04,-1.0,0.7379636027067463
3429,2014-04,-5.0,0.0
3430,2014-04,-5.0,0.0
3431,2014-04,-10.0,0.0
3432,2014-04,-10.0,0.0
3433,2014-04,-10.0,0.0
3434,2014-04,-10.0,0.0
3435,2014-04,-10.0,0.0
3436,2014-04,-1.0,0.6457057502221245
3437,2014-04,-10.0,0.0
3438,2014-04,1.0,1.8944097403997663e-13
3439,2014-04,-10.0,0.0
3440,2014-04,-10.0,0.0
3441,2014-04,-10.0,0.0
3442,2014-04,-10.0,0.0
3443,2014-04,-10.0,0.0
3444,2014-05,-10.0,0.0
3445,2014-05,-8.0,0.0
3446,2014-05,1.0,0.2071137878397455
3447,2014-05,1.0,0.06771660764629324
3448,2014-05,1.0,1.880181731991503e-13
3449,2014-05,-10.0,0.0
3450,2014-05,-10.0,0.0
3451,2014-05,-10.0,0.0
3452,2014-05,-10.0,0.0
3453,2014-05,-2.0,0.400247883466847
3454,2014-05,-1.0,0.6
3455,2014-05,-1.0,0.6984717361384983
3456,2014-05,-10.0,0.0
3457,2014-05,-1.0,0.6668582437132591
3458,2014-05,-10.0,0.0
3459,2014-05,-10.0,0.0
3460,2014-05,-10.0,0.0
3461,2014-05,-10.0,0.0
3462,2014-05,-10.0,0.0
3463,2014-05,-10.0,0.0
3464,2014-05,-10.0,0.0
3465,2014-06,-10.0,0.0
3466,2014-06,1.0,0.4698654791148375
3467,2014-06,1.0,0.4126313911139696
3468,2014-06,1.0,0.4499843491694428
3469,2014-06,-10.0,0.0
3470,2014-06,-2.0,0.27992406538019543
3471,2014-06,1.0,0.3488928053882528
3472,2014-06,1.0,0.39384586248298603
3473,2014-06,-8.0,0.0
3474,2014-06,-3.0,0.03283563764896646
3475,2014-06,-9.0,0.0
3476,2014-06,1.0,0.2541063468405466
3477,2014-06,-1.0,0.6572838289272736
3478,2014-06,1.0,0.320205134658449
3479,2014-06,1.0,0.2601905922421772
3480,2014-06,-5.0,0.0
3481,2014-06,-3.0,0.10769372923418714
3482,2014-06,-10.0,0.0
3483,2014-06,-10.0,0.0
3484,2014-06,-1.0,0.5183107564774881
3485,2014-06,-1.0,0.5200465410356214
3486,2014-06,-1.0,0.5183107564774881
3487,2014-06,-10.0,0.0
3488,2014-06,-10.0,0.0
3489,2014-06,-1.0,0.747655300994358
3490,2014-06,-9.0,0.0
3491,2014-06,-10.0,0.0
3492,2014-06,-1.0,0.7541645773829413
3493,2014-06,-1.0,0.670681438318663
3494,2014-06,-1.0,0.7001239417334235
3495,2014-06,-10.0,0.0
3496,2014-06,1.0,0.2889841890525311
3497,2014-06,-3.0,0.19300039812982575
3498,2014-07,-1.0,0.3289102262675607
3499,2014-07,-10.0,0.0
3500,2014-07,-10.0,0.0
3501,2014-07,-10.0,0.0
3502,2014-07,-7.0,0.0
3503,2014-07,1.0,0.4624384090385773
3504,2014-07,1.0,0.42612270079171105
3505,2014-07,1.0,0.7919148060424646
3506,2014-07,1.0,0.7919148060424646
3507,2014-07,-10.0,0.0
3508,2014-07,-10.0,0.0
3509,2014-07,-10.0,0.0
3510,2014-07,-1.0,0.5060221574779945
3511,2014-07,-10.0,0.0
3512,2014-07,-5.0,0.0
3513,2014-08,-5.0,0.0
3514,2014-08,-10.0,0.0
3515,2014-08,-1.0,0.6737343302324469
3516,2014-08,-10.0,0.0
3517,2014-08,1.0,0.40063583730812036
3518,2014-08,-10.0,0.0
3519,2014-08,-2.0,0.23096602603953917
3520,2014-08,2.0,0.20221887026242558
3521,2014-08,-10.0,0.0
3522,2014-08,1.0,0.40398597910711487
3523,2014-08,1.0,0.28238509420940633
3524,2014-08,1.0,0.25776564912609906
3525,2014-08,2.0,0.20448246365494777
3526,2014-08,1.0,0.4507313580881848
3527,2014-08,1.0,0.4751648582357208
3528,2014-08,1.0,0.5301009111201772
3529,2014-08,1.0,0.5461526705121468
3530,2014-08,-2.0,0.19930221195514083
3531,2014-08,4.0,0.0
3532,2014-08,1.0,0.5280814559988507
3533,2014-08,-10.0,0.0
3534,2014-08,2.0,0.04912500555150727
3535,2014-08,-10.0,0.0
3536,2014-08,-10.0,0.0
3537,2014-08,2.0,0.14997849229225677
3538,2014-08,-1.0,0.439991914566544
3539,2014-08,-3.0,0.0
3540,2014-08,-10.0,0.0
3541,2014-08,-10.0,0.0
3542,2014-08,-2.0,0.34566629061647275
3543,2014-08,-2.0,0.403249207485736
3544,2014-08,-1.0,0.7001239417334235
3545,2014-08,1.0,0.1710862351669754
3546,2014-08,-5.0,0.0
3547,2014-08,-10.0,0.0
3548,2014-08,1.0,3.477662319934781e-37
3549,2014-08,-5.0,0.0
3550,2014-08,-5.0,0.0
3551,2014-08,-10.0,0.0
3552,2014-08,3.0,0.0
3553,2014-08,-5.0,0.0
3554,2014-08,-5.0,0.0
3555,2014-08,-10.0,0.0
3556,2014-08,3.0,0.0
3557,2014-08,-5.0,0.0
3558,2014-08,-5.0,0.0
3559,2014-08,-10.0,0.0
3560,2014-08,-5.0,0.0
3561,2014-08,-5.0,0.0
3562,2014-08,-10.0,0.0
3563,2014-08,1.0,0.2001239417334235
3564,2014-08,-10.0,0.0
3565,2014-08,-10.0,0.0
3566,2014-08,-10.0,0.0
3567,2014-08,-10.0,0.0
3568,2014-08,-5.0,0.0
3569,2014-08,-2.0,0.430031027357081
3570,2014-08,-10.0,0.0
3571,2014-08,-5.0,0.0
3572,2014-08,-1.0,0.6952958499152108
3573,2014-08,-10.0,0.0
3574,2014-08,-1.0,0.6340860714576693
3575,2014-08,-2.0,0.33655471219673483
3576,2014-08,-1.0,0.5571122087819743
3577,2014-09,-10.0,0.0
3578,2014-09,-10.0,0.0
3579,2014-09,-10.0,0.0
3580,2014-09,-10.0,0.0
3581,2014-09,-5.0,0.0
3582,2014-09,-10.0,0.0
3583,2014-09,-5.0,0.0
3584,2014-09,-10.0,0.0
3585,2014-09,-10.0,0.0
3586,2014-09,-1.0,0.5200465410356214
3587,2014-09,-1.0,0.6488120591270425
3588,2014-09,-10.0,0.0
3589,2014-09,-10.0,0.0
3590,2014-09,-1.0,0.5976052158718884
3591,2014-09,-10.0,0.0
3592,2014-10,-5.0,0.0
3593,2014-10,2.0,0.0
3594,2014-10,-7.0,0.0
3595,2014-10,-7.0,0.0
3596,2014-10,-5.0,0.0
3597,2014-10,-10.0,0.0
3598,2014-10,-10.0,0.0
3599,2014-10,-10.0,0.0
3600,2014-10,-1.0,0.5060221574779945
3601,2014-10,-1.0,0.5976052158718884
3602,2014-10,-1.0,0.6312468660744119
3603,2014-12,-1.0,0.5060221574779945
3604,2014-12,-10.0,0.0
3605,2014-12,-10.0,0.0
3606,2014-12,-10.0,0.0
3607,2014-12,-10.0,0.0
3608,2014-12,-10.0,0.0
3609,2014-12,-10.0,0.0
3610,2014-12,-10.0,0.0
3611,2014-12,-10.0,0.0
3612,2014-12,-10.0,0.0
3613,2014-12,-10.0,0.0
3614,2015-01,-5.0,0.0
3615,2015-01,-5.0,0.0
3616,2015-01,-1.0,0.26056108947994516
3617,2015-01,-10.0,0.0
3618,2015-02,-10.0,0.0
3619,2015-02,-10.0,0.0
3620,2015-02,-10.0,0.0
3621,2015-02,-1.0,0.6073749552920926
3622,2015-02,-10.0,0.0
3623,2015-04,-10.0,0.0
3624,2015-04,-10.0,0.0
3625,2015-04,-4.0,0.0
3626,2015-05,-10.0,0.0
3627,2015-05,-10.0,0.0
3628,2015-05,-10.0,0.0
3629,2015-05,-2.0,0.1295316665698584
3630,2015-05,-2.0,0.21343454295830844
3631,2015-05,-10.0,0.0
3632,2015-05,-1.0,0.5429437748728162
3633,2015-07,-10.0,0.0
3634,2015-08,-10.0,0.0
3635,2015-08,-10.0,0.0
3636,2015-08,-10.0,0.0
3637,2015-11,-10.0,0.0
3638,2015-12,-10.0,0.0
3639,2016-01,-10.0,0.0
